   {
        "type": "minecraft:crafting_shaped",
        "pattern": [
            "111",
            "432",
            "111"
        ],
        "key": {
            "1": {
                "item": "black_concrete"
            },
            "2": {
                "item": "glass"
            },
            "3": {
                "item": "glowstone"
            },
            "4": {
                "item": "diamond"
            }
            },
        "result": {
            "item": "knowledge_book"
        }
    }