   {
        "type": "minecraft:crafting_shaped",
        "pattern": [
            "141",
            "131",
            "121"
        ],
        "key": {
            "1": {
                "item": "iron_ingot"
            },
            "2": {
                "item": "clock"
            },
            "3": {
                "item": "diamond_block"
            },
            "4": {
                "item": "compass"
            }
            },
        "result": {
            "item": "knowledge_book"
        }
    }