   {
        "type": "minecraft:crafting_shaped",
        "pattern": [
            "232",
            "141"
        ],
        "key": {
            "1": {
                "item": "black_concrete"
            },
            "2": {
                "item": "iron_ingot"
            },
            "3": {
                "item": "paper"
            },
            "4": {
                "item": "ink_sac"
            }
            },
        "result": {
            "item": "knowledge_book"
        }
    }