{
	"credit": "Made with Blockbench",
	"textures": {
		"0": "pcraft:custom/black_concrete",
		"3": "pcraft:custom/dark_iron_block",
		"5": "pcraft:custom/white_e",
		"6": "pcraft:custom/red",
		"7": "pcraft:custom/green",
		"particle": "pcraft:custom/black_concrete"
	},
	"elements": [
		{
			"from": [11, 0, 6],
			"to": [14, 3, 13],
			"faces": {
				"north": {"uv": [0, 0, 3, 3], "texture": "#0"},
				"east": {"uv": [0, 0, 7, 3], "texture": "#0"},
				"south": {"uv": [0, 0, 3, 3], "texture": "#0"},
				"west": {"uv": [0, 0, 7, 3], "texture": "#0"},
				"up": {"uv": [0, 0, 3, 7], "texture": "#0"},
				"down": {"uv": [0, 0, 3, 7], "texture": "#0"}
			}
		},
		{
			"from": [2, 0, 6],
			"to": [5, 3, 13],
			"faces": {
				"north": {"uv": [0, 0, 3, 3], "texture": "#0"},
				"east": {"uv": [0, 0, 7, 3], "texture": "#0"},
				"south": {"uv": [0, 0, 3, 3], "texture": "#0"},
				"west": {"uv": [0, 0, 7, 3], "texture": "#0"},
				"up": {"uv": [0, 0, 3, 7], "texture": "#0"},
				"down": {"uv": [0, 0, 3, 7], "texture": "#0"}
			}
		},
		{
			"from": [5, 0, 6.5],
			"to": [11, 3, 13],
			"faces": {
				"north": {"uv": [0, 0, 6, 3], "texture": "#3"},
				"east": {"uv": [0, 0, 6.5, 3], "texture": "#3"},
				"south": {"uv": [0, 0, 6, 3], "texture": "#3"},
				"west": {"uv": [0, 0, 6.5, 3], "texture": "#3"},
				"up": {"uv": [0, 0, 6, 6.5], "texture": "#3"},
				"down": {"uv": [0, 0, 6, 6.5], "texture": "#3"}
			}
		},
		{
			"from": [5, 2.5, 13.1],
			"to": [11, 8.5, 13.6],
			"rotation": {"angle": 22.5, "axis": "x", "origin": [8, 4, 13]},
			"faces": {
				"north": {"uv": [0, 0, 6, 6], "rotation": 180, "texture": "#3"},
				"east": {"uv": [0, 0, 6, 0.5], "rotation": 90, "texture": "#3"},
				"south": {"uv": [0, 0, 6, 6], "texture": "#3"},
				"west": {"uv": [0, 0, 6, 0.5], "rotation": 270, "texture": "#3"},
				"up": {"uv": [0, 0, 6, 0.5], "texture": "#3"},
				"down": {"uv": [0, 0, 6, 0.5], "rotation": 180, "texture": "#3"}
			}
		},
		{
			"from": [6, 2.5, 13],
			"to": [10, 9.5, 13.1],
			"rotation": {"angle": 22.5, "axis": "x", "origin": [8, 4, 13]},
			"faces": {
				"north": {"uv": [0, 0, 4, 7], "rotation": 180, "texture": "#5"},
				"east": {"uv": [0, 0, 7, 0.1], "rotation": 90, "texture": "#5"},
				"south": {"uv": [0, 0, 4, 7], "texture": "#5"},
				"west": {"uv": [0, 0, 7, 0.1], "rotation": 270, "texture": "#5"},
				"up": {"uv": [0, 0, 4, 0.1], "texture": "#5"},
				"down": {"uv": [0, 0, 4, 0.1], "rotation": 180, "texture": "#5"}
			}
		},
		{
			"from": [5, 0, 2],
			"to": [11, 0.5, 6.5],
			"rotation": {"angle": 22.5, "axis": "x", "origin": [8, 0.25, 6.75]},
			"faces": {
				"north": {"uv": [0, 0, 6, 0.5], "texture": "#3"},
				"east": {"uv": [0, 0, 4.5, 0.5], "texture": "#3"},
				"south": {"uv": [0, 0, 6, 0.5], "texture": "#3"},
				"west": {"uv": [0, 0, 4.5, 0.5], "texture": "#3"},
				"up": {"uv": [0, 0, 6, 4.5], "texture": "#3"},
				"down": {"uv": [0, 0, 6, 4.5], "texture": "#3"}
			}
		},
		{
			"from": [6, 0.5, 1],
			"to": [10, 0.6, 6.5],
			"rotation": {"angle": 22.5, "axis": "x", "origin": [8, 0.25, 6.75]},
			"faces": {
				"north": {"uv": [0, 0, 4, 0.1], "texture": "#5"},
				"east": {"uv": [0, 0, 5.5, 0.1], "texture": "#5"},
				"south": {"uv": [0, 0, 4, 0.1], "texture": "#5"},
				"west": {"uv": [0, 0, 5.5, 0.1], "texture": "#5"},
				"up": {"uv": [0, 0, 4, 5.5], "texture": "#5"},
				"down": {"uv": [0, 0, 4, 5.5], "texture": "#5"}
			}
		},
		{
			"from": [2, 3, 6],
			"to": [14, 4, 13],
			"faces": {
				"north": {"uv": [0, 0, 12, 1], "texture": "#0"},
				"east": {"uv": [0, 0, 7, 1], "texture": "#0"},
				"south": {"uv": [0, 0, 12, 1], "texture": "#0"},
				"west": {"uv": [0, 0, 7, 1], "texture": "#0"},
				"up": {"uv": [0, 0, 12, 7], "texture": "#0"},
				"down": {"uv": [0, 0, 12, 7], "texture": "#0"}
			}
		},
		{
			"from": [3, 4, 7],
			"to": [13, 4.25, 12],
			"faces": {
				"north": {"uv": [0, 0, 10, 0.25], "texture": "#3"},
				"east": {"uv": [0, 0, 5, 0.25], "texture": "#3"},
				"south": {"uv": [0, 0, 10, 0.25], "texture": "#3"},
				"west": {"uv": [0, 0, 5, 0.25], "texture": "#3"},
				"up": {"uv": [0, 0, 10, 5], "texture": "#3"},
				"down": {"uv": [0, 0, 10, 5], "texture": "#3"}
			}
		},
		{
			"from": [3.5, 4.25, 7.5],
			"to": [4.5, 4.5, 8.5],
			"faces": {
				"north": {"uv": [0, 0, 1, 0.25], "texture": "#7"},
				"east": {"uv": [0, 0, 1, 0.25], "texture": "#7"},
				"south": {"uv": [0, 0, 1, 0.25], "texture": "#7"},
				"west": {"uv": [0, 0, 1, 0.25], "texture": "#7"},
				"up": {"uv": [0, 0, 1, 1], "texture": "#7"},
				"down": {"uv": [0, 0, 1, 1], "texture": "#7"}
			}
		},
		{
			"from": [5, 4.25, 7.5],
			"to": [6, 4.5, 8.5],
			"faces": {
				"north": {"uv": [0, 0, 1, 0.25], "texture": "#6"},
				"east": {"uv": [0, 0, 1, 0.25], "texture": "#6"},
				"south": {"uv": [0, 0, 1, 0.25], "texture": "#6"},
				"west": {"uv": [0, 0, 1, 0.25], "texture": "#6"},
				"up": {"uv": [0, 0, 1, 1], "texture": "#6"},
				"down": {"uv": [0, 0, 1, 1], "texture": "#6"}
			}
		}
	],
	"display": {
		"thirdperson_righthand": {
			"translation": [0, 4.5, 0]
		},
		"thirdperson_lefthand": {
			"translation": [0, 4.5, 0]
		},
		"firstperson_righthand": {
			"translation": [0, 5, 1.5]
		},
		"firstperson_lefthand": {
			"translation": [0, 5, 1.5]
		},
		"ground": {
			"translation": [0, 6, 0]
		},
		"gui": {
			"rotation": [0, -180, 0],
			"translation": [0, 2, 0]
		},
		"head": {
			"translation": [0, -17, 0],
			"scale": [2, 2, 2]
		},
		"fixed": {
			"translation": [0, 2, 0]
		}
	},
	"groups": [
		{
			"name": "Printer",
			"origin": [8, 8, 8],
			"color": 0,
			"children": [0, 1, 2, 3, 4, 5, 6, 7, 8, 9, 10]
		}
	]
}