{
	"credit": "Made with Blockbench",
	"textures": {
		"0": "pcraft:custom/black_concrete",
		"1": "pcraft:custom/coal_block",
		"3": "pcraft:custom/dark_iron_block",
		"6": "pcraft:custom/blue",
		"7": "pcraft:custom/green",
		"9": "pcraft:custom/yellow",
		"10": "pcraft:custom/black_concrete_big",
		"particle": "pcraft:custom/black_concrete"
	},
	"elements": [
		{
			"from": [0, 0, 0],
			"to": [16, 1, 16],
			"rotation": {"angle": 0, "axis": "y", "origin": [8, 11.2, 8]},
			"faces": {
				"north": {"uv": [0, 0, 16, 1], "texture": "#0"},
				"east": {"uv": [0, 0, 16, 1], "texture": "#0"},
				"south": {"uv": [0, 0, 16, 1], "texture": "#0"},
				"west": {"uv": [0, 0, 16, 1], "texture": "#0"},
				"up": {"uv": [0, 0, 16, 16], "texture": "#0"},
				"down": {"uv": [0, 0, 16, 16], "texture": "#0"}
			}
		},
		{
			"from": [0, 31, 0],
			"to": [16, 32, 16],
			"rotation": {"angle": 0, "axis": "y", "origin": [8, 11.2, 8]},
			"faces": {
				"north": {"uv": [0, 0, 16, 1], "texture": "#0"},
				"east": {"uv": [0, 0, 16, 1], "texture": "#0"},
				"south": {"uv": [0, 0, 16, 1], "texture": "#0"},
				"west": {"uv": [0, 0, 16, 1], "texture": "#0"},
				"up": {"uv": [0, 0, 16, 16], "texture": "#0"},
				"down": {"uv": [0, 0, 16, 16], "texture": "#0"}
			}
		},
		{
			"from": [-1, 0, 0],
			"to": [0, 32, 16],
			"rotation": {"angle": 0, "axis": "y", "origin": [8, 11.2, 8]},
			"faces": {
				"north": {"uv": [0, 0, 1, 16], "texture": "#10"},
				"east": {"uv": [0, 0, 4, 8], "texture": "#10"},
				"south": {"uv": [0, 0, 1, 16], "texture": "#10"},
				"west": {"uv": [0, 0, 4, 8], "texture": "#10"},
				"up": {"uv": [0, 0, 0.75, 16], "texture": "#0"},
				"down": {"uv": [0, 0, 1, 16], "texture": "#0"}
			}
		},
		{
			"from": [16, 0, 0],
			"to": [17, 32, 16],
			"rotation": {"angle": 0, "axis": "y", "origin": [8, 11.2, 8]},
			"faces": {
				"north": {"uv": [1, 0, 0, 16], "texture": "#10"},
				"east": {"uv": [0, 0, 4, 8], "texture": "#10"},
				"south": {"uv": [1, 0, 0, 16], "texture": "#10"},
				"west": {"uv": [16, 0, 0, 16], "texture": "#10"},
				"up": {"uv": [1, 0, 0, 16], "texture": "#0"},
				"down": {"uv": [1, 0, 0, 16], "texture": "#0"}
			}
		},
		{
			"from": [-1, 0, 16],
			"to": [17, 32, 17],
			"rotation": {"angle": 0, "axis": "y", "origin": [8, 11.2, 8]},
			"faces": {
				"north": {"uv": [0, 0, 16, 16], "texture": "#10"},
				"east": {"uv": [0, 0, 4, 8], "texture": "#10"},
				"south": {"uv": [0, 0, 4, 8], "texture": "#10"},
				"west": {"uv": [0, 0, 1, 16], "texture": "#10"},
				"up": {"uv": [1, 16, 0, 0], "rotation": 90, "texture": "#0"},
				"down": {"uv": [1, 16, 0, 0], "rotation": 270, "texture": "#0"}
			}
		},
		{
			"from": [0, 1, 1],
			"to": [16, 3, 16],
			"rotation": {"angle": 0, "axis": "y", "origin": [8, 11.2, 8]},
			"faces": {
				"north": {"uv": [0, 0, 16, 2], "texture": "#3"},
				"east": {"uv": [0, 0, 15, 2], "texture": "#3"},
				"south": {"uv": [0, 0, 16, 2], "texture": "#3"},
				"west": {"uv": [0, 0, 15, 2], "texture": "#3"},
				"up": {"uv": [0, 0, 16, 15], "texture": "#3"},
				"down": {"uv": [0, 0, 16, 15], "texture": "#3"}
			}
		},
		{
			"from": [14, 1.5, 0.75],
			"to": [15, 2.5, 1],
			"rotation": {"angle": 0, "axis": "y", "origin": [8, 11.2, 8]},
			"faces": {
				"north": {"uv": [0, 0, 16, 2], "texture": "#7"},
				"east": {"uv": [0, 0, 15, 2], "texture": "#7"},
				"south": {"uv": [0, 0, 16, 2], "texture": "#7"},
				"west": {"uv": [0, 0, 15, 2], "texture": "#7"},
				"up": {"uv": [0, 0, 16, 15], "texture": "#7"},
				"down": {"uv": [0, 0, 16, 15], "texture": "#7"}
			}
		},
		{
			"from": [12.5, 2.0625, 0.75],
			"to": [13.5, 2.5, 1],
			"rotation": {"angle": 0, "axis": "y", "origin": [8, 11.2, 8]},
			"faces": {
				"north": {"uv": [0, 0, 16, 2], "texture": "#6"},
				"east": {"uv": [0, 0, 15, 2], "texture": "#6"},
				"south": {"uv": [0, 0, 16, 2], "texture": "#6"},
				"west": {"uv": [0, 0, 15, 2], "texture": "#6"},
				"up": {"uv": [0, 0, 16, 15], "texture": "#6"},
				"down": {"uv": [0, 0, 16, 15], "texture": "#6"}
			}
		},
		{
			"from": [12.5, 1.5, 0.75],
			"to": [13.5, 1.9375, 1],
			"rotation": {"angle": 0, "axis": "y", "origin": [8, 11.2, 8]},
			"faces": {
				"north": {"uv": [0, 0, 16, 2], "texture": "#6"},
				"east": {"uv": [0, 0, 15, 2], "texture": "#6"},
				"south": {"uv": [0, 0, 16, 2], "texture": "#6"},
				"west": {"uv": [0, 0, 15, 2], "texture": "#6"},
				"up": {"uv": [0, 0, 16, 15], "texture": "#6"},
				"down": {"uv": [0, 0, 16, 15], "texture": "#6"}
			}
		},
		{
			"from": [0, 3, 1],
			"to": [16, 5, 16],
			"rotation": {"angle": 0, "axis": "y", "origin": [8, 11.2, 8]},
			"faces": {
				"north": {"uv": [0, 0, 16, 2], "texture": "#3"},
				"east": {"uv": [0, 0, 15, 2], "texture": "#3"},
				"south": {"uv": [0, 0, 16, 2], "texture": "#3"},
				"west": {"uv": [0, 0, 15, 2], "texture": "#3"},
				"up": {"uv": [0, 0, 16, 15], "texture": "#3"},
				"down": {"uv": [0, 0, 16, 15], "texture": "#3"}
			}
		},
		{
			"from": [14, 3.5, 0.75],
			"to": [15, 4.5, 1],
			"rotation": {"angle": 0, "axis": "y", "origin": [8, 11.2, 8]},
			"faces": {
				"north": {"uv": [0, 0, 16, 2], "texture": "#7"},
				"east": {"uv": [0, 0, 15, 2], "texture": "#7"},
				"south": {"uv": [0, 0, 16, 2], "texture": "#7"},
				"west": {"uv": [0, 0, 15, 2], "texture": "#7"},
				"up": {"uv": [0, 0, 16, 15], "texture": "#7"},
				"down": {"uv": [0, 0, 16, 15], "texture": "#7"}
			}
		},
		{
			"from": [12.5, 4.0625, 0.75],
			"to": [13.5, 4.5, 1],
			"rotation": {"angle": 0, "axis": "y", "origin": [8, 11.2, 8]},
			"faces": {
				"north": {"uv": [0, 0, 16, 2], "texture": "#6"},
				"east": {"uv": [0, 0, 15, 2], "texture": "#6"},
				"south": {"uv": [0, 0, 16, 2], "texture": "#6"},
				"west": {"uv": [0, 0, 15, 2], "texture": "#6"},
				"up": {"uv": [0, 0, 16, 15], "texture": "#6"},
				"down": {"uv": [0, 0, 16, 15], "texture": "#6"}
			}
		},
		{
			"from": [12.5, 3.5, 0.75],
			"to": [13.5, 3.9375, 1],
			"rotation": {"angle": 0, "axis": "y", "origin": [8, 11.2, 8]},
			"faces": {
				"north": {"uv": [0, 0, 16, 2], "texture": "#6"},
				"east": {"uv": [0, 0, 15, 2], "texture": "#6"},
				"south": {"uv": [0, 0, 16, 2], "texture": "#6"},
				"west": {"uv": [0, 0, 15, 2], "texture": "#6"},
				"up": {"uv": [0, 0, 16, 15], "texture": "#6"},
				"down": {"uv": [0, 0, 16, 15], "texture": "#6"}
			}
		},
		{
			"from": [0, 5, 1],
			"to": [16, 7, 16],
			"rotation": {"angle": 0, "axis": "y", "origin": [8, 11.2, 8]},
			"faces": {
				"north": {"uv": [0, 0, 16, 2], "texture": "#3"},
				"east": {"uv": [0, 0, 15, 2], "texture": "#3"},
				"south": {"uv": [0, 0, 16, 2], "texture": "#3"},
				"west": {"uv": [0, 0, 15, 2], "texture": "#3"},
				"up": {"uv": [0, 0, 16, 15], "texture": "#3"},
				"down": {"uv": [0, 0, 16, 15], "texture": "#3"}
			}
		},
		{
			"from": [14, 5.5, 0.75],
			"to": [15, 6.5, 1],
			"rotation": {"angle": 0, "axis": "y", "origin": [8, 11.2, 8]},
			"faces": {
				"north": {"uv": [0, 0, 16, 2], "texture": "#7"},
				"east": {"uv": [0, 0, 15, 2], "texture": "#7"},
				"south": {"uv": [0, 0, 16, 2], "texture": "#7"},
				"west": {"uv": [0, 0, 15, 2], "texture": "#7"},
				"up": {"uv": [0, 0, 16, 15], "texture": "#7"},
				"down": {"uv": [0, 0, 16, 15], "texture": "#7"}
			}
		},
		{
			"from": [12.5, 6.0625, 0.75],
			"to": [13.5, 6.5, 1],
			"rotation": {"angle": 0, "axis": "y", "origin": [8, 11.2, 8]},
			"faces": {
				"north": {"uv": [0, 0, 16, 2], "texture": "#6"},
				"east": {"uv": [0, 0, 15, 2], "texture": "#6"},
				"south": {"uv": [0, 0, 16, 2], "texture": "#6"},
				"west": {"uv": [0, 0, 15, 2], "texture": "#6"},
				"up": {"uv": [0, 0, 16, 15], "texture": "#6"},
				"down": {"uv": [0, 0, 16, 15], "texture": "#6"}
			}
		},
		{
			"from": [12.5, 5.5, 0.75],
			"to": [13.5, 5.9375, 1],
			"rotation": {"angle": 0, "axis": "y", "origin": [8, 11.2, 8]},
			"faces": {
				"north": {"uv": [0, 0, 16, 2], "texture": "#6"},
				"east": {"uv": [0, 0, 15, 2], "texture": "#6"},
				"south": {"uv": [0, 0, 16, 2], "texture": "#6"},
				"west": {"uv": [0, 0, 15, 2], "texture": "#6"},
				"up": {"uv": [0, 0, 16, 15], "texture": "#6"},
				"down": {"uv": [0, 0, 16, 15], "texture": "#6"}
			}
		},
		{
			"from": [0, 7, 1],
			"to": [16, 9, 16],
			"rotation": {"angle": 0, "axis": "y", "origin": [8, 11.2, 8]},
			"faces": {
				"north": {"uv": [0, 0, 16, 2], "texture": "#3"},
				"east": {"uv": [0, 0, 15, 2], "texture": "#3"},
				"south": {"uv": [0, 0, 16, 2], "texture": "#3"},
				"west": {"uv": [0, 0, 15, 2], "texture": "#3"},
				"up": {"uv": [0, 0, 16, 15], "texture": "#3"},
				"down": {"uv": [0, 0, 16, 15], "texture": "#3"}
			}
		},
		{
			"from": [14, 7.5, 0.75],
			"to": [15, 8.5, 1],
			"rotation": {"angle": 0, "axis": "y", "origin": [8, 11.2, 8]},
			"faces": {
				"north": {"uv": [0, 0, 16, 2], "texture": "#7"},
				"east": {"uv": [0, 0, 15, 2], "texture": "#7"},
				"south": {"uv": [0, 0, 16, 2], "texture": "#7"},
				"west": {"uv": [0, 0, 15, 2], "texture": "#7"},
				"up": {"uv": [0, 0, 16, 15], "texture": "#7"},
				"down": {"uv": [0, 0, 16, 15], "texture": "#7"}
			}
		},
		{
			"from": [12.5, 8.0625, 0.75],
			"to": [13.5, 8.5, 1],
			"rotation": {"angle": 0, "axis": "y", "origin": [8, 11.2, 8]},
			"faces": {
				"north": {"uv": [0, 0, 16, 2], "texture": "#6"},
				"east": {"uv": [0, 0, 15, 2], "texture": "#6"},
				"south": {"uv": [0, 0, 16, 2], "texture": "#6"},
				"west": {"uv": [0, 0, 15, 2], "texture": "#6"},
				"up": {"uv": [0, 0, 16, 15], "texture": "#6"},
				"down": {"uv": [0, 0, 16, 15], "texture": "#6"}
			}
		},
		{
			"from": [12.5, 7.5, 0.75],
			"to": [13.5, 7.9375, 1],
			"rotation": {"angle": 0, "axis": "y", "origin": [8, 11.2, 8]},
			"faces": {
				"north": {"uv": [0, 0, 16, 2], "texture": "#6"},
				"east": {"uv": [0, 0, 15, 2], "texture": "#6"},
				"south": {"uv": [0, 0, 16, 2], "texture": "#6"},
				"west": {"uv": [0, 0, 15, 2], "texture": "#6"},
				"up": {"uv": [0, 0, 16, 15], "texture": "#6"},
				"down": {"uv": [0, 0, 16, 15], "texture": "#6"}
			}
		},
		{
			"from": [0, 9, 1],
			"to": [16, 11, 16],
			"rotation": {"angle": 0, "axis": "y", "origin": [8, 11.2, 8]},
			"faces": {
				"north": {"uv": [0, 0, 16, 2], "texture": "#3"},
				"east": {"uv": [0, 0, 15, 2], "texture": "#3"},
				"south": {"uv": [0, 0, 16, 2], "texture": "#3"},
				"west": {"uv": [0, 0, 15, 2], "texture": "#3"},
				"up": {"uv": [0, 0, 16, 15], "texture": "#3"},
				"down": {"uv": [0, 0, 16, 15], "texture": "#3"}
			}
		},
		{
			"from": [14, 9.5, 0.75],
			"to": [15, 10.5, 1],
			"rotation": {"angle": 0, "axis": "y", "origin": [8, 11.2, 8]},
			"faces": {
				"north": {"uv": [0, 0, 16, 2], "texture": "#7"},
				"east": {"uv": [0, 0, 15, 2], "texture": "#7"},
				"south": {"uv": [0, 0, 16, 2], "texture": "#7"},
				"west": {"uv": [0, 0, 15, 2], "texture": "#7"},
				"up": {"uv": [0, 0, 16, 15], "texture": "#7"},
				"down": {"uv": [0, 0, 16, 15], "texture": "#7"}
			}
		},
		{
			"from": [12.5, 10.0625, 0.75],
			"to": [13.5, 10.5, 1],
			"rotation": {"angle": 0, "axis": "y", "origin": [8, 11.2, 8]},
			"faces": {
				"north": {"uv": [0, 0, 16, 2], "texture": "#6"},
				"east": {"uv": [0, 0, 15, 2], "texture": "#6"},
				"south": {"uv": [0, 0, 16, 2], "texture": "#6"},
				"west": {"uv": [0, 0, 15, 2], "texture": "#6"},
				"up": {"uv": [0, 0, 16, 15], "texture": "#6"},
				"down": {"uv": [0, 0, 16, 15], "texture": "#6"}
			}
		},
		{
			"from": [12.5, 9.5, 0.75],
			"to": [13.5, 9.9375, 1],
			"rotation": {"angle": 0, "axis": "y", "origin": [8, 11.2, 8]},
			"faces": {
				"north": {"uv": [0, 0, 16, 2], "texture": "#6"},
				"east": {"uv": [0, 0, 15, 2], "texture": "#6"},
				"south": {"uv": [0, 0, 16, 2], "texture": "#6"},
				"west": {"uv": [0, 0, 15, 2], "texture": "#6"},
				"up": {"uv": [0, 0, 16, 15], "texture": "#6"},
				"down": {"uv": [0, 0, 16, 15], "texture": "#6"}
			}
		},
		{
			"from": [0, 11, 1],
			"to": [16, 13, 16],
			"rotation": {"angle": 0, "axis": "y", "origin": [8, 11.2, 8]},
			"faces": {
				"north": {"uv": [0, 0, 16, 2], "texture": "#3"},
				"east": {"uv": [0, 0, 15, 2], "texture": "#3"},
				"south": {"uv": [0, 0, 16, 2], "texture": "#3"},
				"west": {"uv": [0, 0, 15, 2], "texture": "#3"},
				"up": {"uv": [0, 0, 16, 15], "texture": "#3"},
				"down": {"uv": [0, 0, 16, 15], "texture": "#3"}
			}
		},
		{
			"from": [14, 11.5, 0.75],
			"to": [15, 12.5, 1],
			"rotation": {"angle": 0, "axis": "y", "origin": [8, 11.2, 8]},
			"faces": {
				"north": {"uv": [0, 0, 16, 2], "texture": "#7"},
				"east": {"uv": [0, 0, 15, 2], "texture": "#7"},
				"south": {"uv": [0, 0, 16, 2], "texture": "#7"},
				"west": {"uv": [0, 0, 15, 2], "texture": "#7"},
				"up": {"uv": [0, 0, 16, 15], "texture": "#7"},
				"down": {"uv": [0, 0, 16, 15], "texture": "#7"}
			}
		},
		{
			"from": [12.5, 12.0625, 0.75],
			"to": [13.5, 12.5, 1],
			"rotation": {"angle": 0, "axis": "y", "origin": [8, 11.2, 8]},
			"faces": {
				"north": {"uv": [0, 0, 16, 2], "texture": "#6"},
				"east": {"uv": [0, 0, 15, 2], "texture": "#6"},
				"south": {"uv": [0, 0, 16, 2], "texture": "#6"},
				"west": {"uv": [0, 0, 15, 2], "texture": "#6"},
				"up": {"uv": [0, 0, 16, 15], "texture": "#6"},
				"down": {"uv": [0, 0, 16, 15], "texture": "#6"}
			}
		},
		{
			"from": [12.5, 11.5, 0.75],
			"to": [13.5, 11.9375, 1],
			"rotation": {"angle": 0, "axis": "y", "origin": [8, 11.2, 8]},
			"faces": {
				"north": {"uv": [0, 0, 16, 2], "texture": "#6"},
				"east": {"uv": [0, 0, 15, 2], "texture": "#6"},
				"south": {"uv": [0, 0, 16, 2], "texture": "#6"},
				"west": {"uv": [0, 0, 15, 2], "texture": "#6"},
				"up": {"uv": [0, 0, 16, 15], "texture": "#6"},
				"down": {"uv": [0, 0, 16, 15], "texture": "#6"}
			}
		},
		{
			"from": [0, 13, 1],
			"to": [16, 15, 16],
			"rotation": {"angle": 0, "axis": "y", "origin": [8, 11.2, 8]},
			"faces": {
				"north": {"uv": [0, 0, 16, 2], "texture": "#3"},
				"east": {"uv": [0, 0, 15, 2], "texture": "#3"},
				"south": {"uv": [0, 0, 16, 2], "texture": "#3"},
				"west": {"uv": [0, 0, 15, 2], "texture": "#3"},
				"up": {"uv": [0, 0, 16, 15], "texture": "#3"},
				"down": {"uv": [0, 0, 16, 15], "texture": "#3"}
			}
		},
		{
			"from": [14, 13.5, 0.75],
			"to": [15, 14.5, 1],
			"rotation": {"angle": 0, "axis": "y", "origin": [8, 11.2, 8]},
			"faces": {
				"north": {"uv": [0, 0, 16, 2], "texture": "#7"},
				"east": {"uv": [0, 0, 15, 2], "texture": "#7"},
				"south": {"uv": [0, 0, 16, 2], "texture": "#7"},
				"west": {"uv": [0, 0, 15, 2], "texture": "#7"},
				"up": {"uv": [0, 0, 16, 15], "texture": "#7"},
				"down": {"uv": [0, 0, 16, 15], "texture": "#7"}
			}
		},
		{
			"from": [12.5, 14.0625, 0.75],
			"to": [13.5, 14.5, 1],
			"rotation": {"angle": 0, "axis": "y", "origin": [8, 11.2, 8]},
			"faces": {
				"north": {"uv": [0, 0, 16, 2], "texture": "#6"},
				"east": {"uv": [0, 0, 15, 2], "texture": "#6"},
				"south": {"uv": [0, 0, 16, 2], "texture": "#6"},
				"west": {"uv": [0, 0, 15, 2], "texture": "#6"},
				"up": {"uv": [0, 0, 16, 15], "texture": "#6"},
				"down": {"uv": [0, 0, 16, 15], "texture": "#6"}
			}
		},
		{
			"from": [12.5, 13.5, 0.75],
			"to": [13.5, 13.9375, 1],
			"rotation": {"angle": 0, "axis": "y", "origin": [8, 11.2, 8]},
			"faces": {
				"north": {"uv": [0, 0, 16, 2], "texture": "#6"},
				"east": {"uv": [0, 0, 15, 2], "texture": "#6"},
				"south": {"uv": [0, 0, 16, 2], "texture": "#6"},
				"west": {"uv": [0, 0, 15, 2], "texture": "#6"},
				"up": {"uv": [0, 0, 16, 15], "texture": "#6"},
				"down": {"uv": [0, 0, 16, 15], "texture": "#6"}
			}
		},
		{
			"from": [0, 15, 1],
			"to": [16, 17, 16],
			"rotation": {"angle": 0, "axis": "y", "origin": [8, 11.2, 8]},
			"faces": {
				"north": {"uv": [0, 0, 16, 2], "texture": "#3"},
				"east": {"uv": [0, 0, 15, 2], "texture": "#3"},
				"south": {"uv": [0, 0, 16, 2], "texture": "#3"},
				"west": {"uv": [0, 0, 15, 2], "texture": "#3"},
				"up": {"uv": [0, 0, 16, 15], "texture": "#3"},
				"down": {"uv": [0, 0, 16, 15], "texture": "#3"}
			}
		},
		{
			"from": [14, 15.5, 0.75],
			"to": [15, 16.5, 1],
			"rotation": {"angle": 0, "axis": "y", "origin": [8, 11.2, 8]},
			"faces": {
				"north": {"uv": [0, 0, 16, 2], "texture": "#7"},
				"east": {"uv": [0, 0, 15, 2], "texture": "#7"},
				"south": {"uv": [0, 0, 16, 2], "texture": "#7"},
				"west": {"uv": [0, 0, 15, 2], "texture": "#7"},
				"up": {"uv": [0, 0, 16, 15], "texture": "#7"},
				"down": {"uv": [0, 0, 16, 15], "texture": "#7"}
			}
		},
		{
			"from": [12.5, 16.0625, 0.75],
			"to": [13.5, 16.5, 1],
			"rotation": {"angle": 0, "axis": "y", "origin": [8, 11.2, 8]},
			"faces": {
				"north": {"uv": [0, 0, 16, 2], "texture": "#6"},
				"east": {"uv": [0, 0, 15, 2], "texture": "#6"},
				"south": {"uv": [0, 0, 16, 2], "texture": "#6"},
				"west": {"uv": [0, 0, 15, 2], "texture": "#6"},
				"up": {"uv": [0, 0, 16, 15], "texture": "#6"},
				"down": {"uv": [0, 0, 16, 15], "texture": "#6"}
			}
		},
		{
			"from": [12.5, 15.5, 0.75],
			"to": [13.5, 15.9375, 1],
			"rotation": {"angle": 0, "axis": "y", "origin": [8, 11.2, 8]},
			"faces": {
				"north": {"uv": [0, 0, 16, 2], "texture": "#6"},
				"east": {"uv": [0, 0, 15, 2], "texture": "#6"},
				"south": {"uv": [0, 0, 16, 2], "texture": "#6"},
				"west": {"uv": [0, 0, 15, 2], "texture": "#6"},
				"up": {"uv": [0, 0, 16, 15], "texture": "#6"},
				"down": {"uv": [0, 0, 16, 15], "texture": "#6"}
			}
		},
		{
			"from": [0, 17, 1],
			"to": [16, 19, 16],
			"rotation": {"angle": 0, "axis": "y", "origin": [8, 11.2, 8]},
			"faces": {
				"north": {"uv": [0, 0, 16, 2], "texture": "#3"},
				"east": {"uv": [0, 0, 15, 2], "texture": "#3"},
				"south": {"uv": [0, 0, 16, 2], "texture": "#3"},
				"west": {"uv": [0, 0, 15, 2], "texture": "#3"},
				"up": {"uv": [0, 0, 16, 15], "texture": "#3"},
				"down": {"uv": [0, 0, 16, 15], "texture": "#3"}
			}
		},
		{
			"from": [14, 17.5, 0.75],
			"to": [15, 18.5, 1],
			"rotation": {"angle": 0, "axis": "y", "origin": [8, 11.2, 8]},
			"faces": {
				"north": {"uv": [0, 0, 16, 2], "texture": "#7"},
				"east": {"uv": [0, 0, 15, 2], "texture": "#7"},
				"south": {"uv": [0, 0, 16, 2], "texture": "#7"},
				"west": {"uv": [0, 0, 15, 2], "texture": "#7"},
				"up": {"uv": [0, 0, 16, 15], "texture": "#7"},
				"down": {"uv": [0, 0, 16, 15], "texture": "#7"}
			}
		},
		{
			"from": [12.5, 18.0625, 0.75],
			"to": [13.5, 18.5, 1],
			"rotation": {"angle": 0, "axis": "y", "origin": [8, 11.2, 8]},
			"faces": {
				"north": {"uv": [0, 0, 16, 2], "texture": "#6"},
				"east": {"uv": [0, 0, 15, 2], "texture": "#6"},
				"south": {"uv": [0, 0, 16, 2], "texture": "#6"},
				"west": {"uv": [0, 0, 15, 2], "texture": "#6"},
				"up": {"uv": [0, 0, 16, 15], "texture": "#6"},
				"down": {"uv": [0, 0, 16, 15], "texture": "#6"}
			}
		},
		{
			"from": [12.5, 17.5, 0.75],
			"to": [13.5, 17.9375, 1],
			"rotation": {"angle": 0, "axis": "y", "origin": [8, 11.2, 8]},
			"faces": {
				"north": {"uv": [0, 0, 16, 2], "texture": "#6"},
				"east": {"uv": [0, 0, 15, 2], "texture": "#6"},
				"south": {"uv": [0, 0, 16, 2], "texture": "#6"},
				"west": {"uv": [0, 0, 15, 2], "texture": "#6"},
				"up": {"uv": [0, 0, 16, 15], "texture": "#6"},
				"down": {"uv": [0, 0, 16, 15], "texture": "#6"}
			}
		},
		{
			"from": [0, 19, 1],
			"to": [16, 21, 16],
			"rotation": {"angle": 0, "axis": "y", "origin": [8, 11.2, 8]},
			"faces": {
				"north": {"uv": [0, 0, 16, 2], "texture": "#3"},
				"east": {"uv": [0, 0, 15, 2], "texture": "#3"},
				"south": {"uv": [0, 0, 16, 2], "texture": "#3"},
				"west": {"uv": [0, 0, 15, 2], "texture": "#3"},
				"up": {"uv": [0, 0, 16, 15], "texture": "#3"},
				"down": {"uv": [0, 0, 16, 15], "texture": "#3"}
			}
		},
		{
			"from": [14, 19.5, 0.75],
			"to": [15, 20.5, 1],
			"rotation": {"angle": 0, "axis": "y", "origin": [8, 11.2, 8]},
			"faces": {
				"north": {"uv": [0, 0, 16, 2], "texture": "#7"},
				"east": {"uv": [0, 0, 15, 2], "texture": "#7"},
				"south": {"uv": [0, 0, 16, 2], "texture": "#7"},
				"west": {"uv": [0, 0, 15, 2], "texture": "#7"},
				"up": {"uv": [0, 0, 16, 15], "texture": "#7"},
				"down": {"uv": [0, 0, 16, 15], "texture": "#7"}
			}
		},
		{
			"from": [12.5, 20.0625, 0.75],
			"to": [13.5, 20.5, 1],
			"rotation": {"angle": 0, "axis": "y", "origin": [8, 11.2, 8]},
			"faces": {
				"north": {"uv": [0, 0, 16, 2], "texture": "#6"},
				"east": {"uv": [0, 0, 15, 2], "texture": "#6"},
				"south": {"uv": [0, 0, 16, 2], "texture": "#6"},
				"west": {"uv": [0, 0, 15, 2], "texture": "#6"},
				"up": {"uv": [0, 0, 16, 15], "texture": "#6"},
				"down": {"uv": [0, 0, 16, 15], "texture": "#6"}
			}
		},
		{
			"from": [12.5, 19.5, 0.75],
			"to": [13.5, 19.9375, 1],
			"rotation": {"angle": 0, "axis": "y", "origin": [8, 11.2, 8]},
			"faces": {
				"north": {"uv": [0, 0, 16, 2], "texture": "#6"},
				"east": {"uv": [0, 0, 15, 2], "texture": "#6"},
				"south": {"uv": [0, 0, 16, 2], "texture": "#6"},
				"west": {"uv": [0, 0, 15, 2], "texture": "#6"},
				"up": {"uv": [0, 0, 16, 15], "texture": "#6"},
				"down": {"uv": [0, 0, 16, 15], "texture": "#6"}
			}
		},
		{
			"from": [0, 23, 1],
			"to": [16, 27, 16],
			"rotation": {"angle": 0, "axis": "y", "origin": [8, 11.2, 8]},
			"faces": {
				"north": {"uv": [0, 0, 16, 4], "texture": "#3"},
				"east": {"uv": [0, 0, 15, 4], "texture": "#3"},
				"south": {"uv": [0, 0, 16, 4], "texture": "#3"},
				"west": {"uv": [0, 0, 15, 4], "texture": "#3"},
				"up": {"uv": [0, 0, 16, 15], "texture": "#3"},
				"down": {"uv": [0, 0, 16, 15], "texture": "#3"}
			}
		},
		{
			"from": [14, 23.5, 0.75],
			"to": [15, 26.5, 1],
			"rotation": {"angle": 0, "axis": "y", "origin": [8, 11.2, 8]},
			"faces": {
				"north": {"uv": [0, 0, 16, 2], "texture": "#9"},
				"east": {"uv": [0, 0, 15, 2], "texture": "#9"},
				"south": {"uv": [0, 0, 16, 2], "texture": "#9"},
				"west": {"uv": [0, 0, 15, 2], "texture": "#9"},
				"up": {"uv": [0, 0, 16, 15], "texture": "#9"},
				"down": {"uv": [0, 0, 16, 15], "texture": "#9"}
			}
		},
		{
			"from": [12.5, 23.5, 0.75],
			"to": [13.5, 23.9375, 1],
			"rotation": {"angle": 0, "axis": "y", "origin": [8, 11.2, 8]},
			"faces": {
				"north": {"uv": [0, 0, 1, 0.4375], "texture": "#1"},
				"east": {"uv": [0, 0, 0.25, 0.4375], "texture": "#1"},
				"south": {"uv": [0, 0, 1, 0.4375], "texture": "#1"},
				"west": {"uv": [0, 0, 0.25, 0.4375], "texture": "#1"},
				"up": {"uv": [0, 0, 1, 0.25], "texture": "#1"},
				"down": {"uv": [0, 0, 1, 0.25], "texture": "#1"}
			}
		},
		{
			"from": [12.5, 24, 0.75],
			"to": [13.5, 24.4375, 1],
			"rotation": {"angle": 0, "axis": "y", "origin": [8, 11.2, 8]},
			"faces": {
				"north": {"uv": [0, 0, 1, 0.4375], "texture": "#1"},
				"east": {"uv": [0, 0, 0.25, 0.4375], "texture": "#1"},
				"south": {"uv": [0, 0, 1, 0.4375], "texture": "#1"},
				"west": {"uv": [0, 0, 0.25, 0.4375], "texture": "#1"},
				"up": {"uv": [0, 0, 1, 0.25], "texture": "#1"},
				"down": {"uv": [0, 0, 1, 0.25], "texture": "#1"}
			}
		},
		{
			"from": [12.5, 24.5, 0.75],
			"to": [13.5, 24.9375, 1],
			"rotation": {"angle": 0, "axis": "y", "origin": [8, 11.2, 8]},
			"faces": {
				"north": {"uv": [0, 0, 1, 0.4375], "texture": "#1"},
				"east": {"uv": [0, 0, 0.25, 0.4375], "texture": "#1"},
				"south": {"uv": [0, 0, 1, 0.4375], "texture": "#1"},
				"west": {"uv": [0, 0, 0.25, 0.4375], "texture": "#1"},
				"up": {"uv": [0, 0, 1, 0.25], "texture": "#1"},
				"down": {"uv": [0, 0, 1, 0.25], "texture": "#1"}
			}
		},
		{
			"from": [12.5, 25, 0.75],
			"to": [13.5, 25.4375, 1],
			"rotation": {"angle": 0, "axis": "y", "origin": [8, 11.2, 8]},
			"faces": {
				"north": {"uv": [0, 0, 1, 0.4375], "texture": "#1"},
				"east": {"uv": [0, 0, 0.25, 0.4375], "texture": "#1"},
				"south": {"uv": [0, 0, 1, 0.4375], "texture": "#1"},
				"west": {"uv": [0, 0, 0.25, 0.4375], "texture": "#1"},
				"up": {"uv": [0, 0, 1, 0.25], "texture": "#1"},
				"down": {"uv": [0, 0, 1, 0.25], "texture": "#1"}
			}
		},
		{
			"from": [12.5, 25.5, 0.75],
			"to": [13.5, 25.9375, 1],
			"rotation": {"angle": 0, "axis": "y", "origin": [8, 11.2, 8]},
			"faces": {
				"north": {"uv": [0, 0, 1, 0.4375], "texture": "#1"},
				"east": {"uv": [0, 0, 0.25, 0.4375], "texture": "#1"},
				"south": {"uv": [0, 0, 1, 0.4375], "texture": "#1"},
				"west": {"uv": [0, 0, 0.25, 0.4375], "texture": "#1"},
				"up": {"uv": [0, 0, 1, 0.25], "texture": "#1"},
				"down": {"uv": [0, 0, 1, 0.25], "texture": "#1"}
			}
		},
		{
			"from": [12.5, 26, 0.75],
			"to": [13.5, 26.4375, 1],
			"rotation": {"angle": 0, "axis": "y", "origin": [8, 11.2, 8]},
			"faces": {
				"north": {"uv": [0, 0, 1, 0.4375], "texture": "#1"},
				"east": {"uv": [0, 0, 0.25, 0.4375], "texture": "#1"},
				"south": {"uv": [0, 0, 1, 0.4375], "texture": "#1"},
				"west": {"uv": [0, 0, 0.25, 0.4375], "texture": "#1"},
				"up": {"uv": [0, 0, 1, 0.25], "texture": "#1"},
				"down": {"uv": [0, 0, 1, 0.25], "texture": "#1"}
			}
		},
		{
			"from": [0, 27, 1],
			"to": [16, 31, 16],
			"rotation": {"angle": 0, "axis": "y", "origin": [8, 11.2, 8]},
			"faces": {
				"north": {"uv": [0, 0, 16, 4], "texture": "#1"},
				"east": {"uv": [0, 0, 15, 4], "texture": "#1"},
				"south": {"uv": [0, 0, 16, 4], "texture": "#1"},
				"west": {"uv": [0, 0, 15, 4], "texture": "#1"},
				"up": {"uv": [0, 0, 16, 15], "texture": "#1"},
				"down": {"uv": [0, 0, 16, 15], "texture": "#1"}
			}
		},
		{
			"from": [14, 27.5, 0.75],
			"to": [15, 30.5, 1],
			"rotation": {"angle": 0, "axis": "y", "origin": [8, 11.2, 8]},
			"faces": {
				"north": {"uv": [0, 0, 1, 3], "texture": "#7"},
				"east": {"uv": [0, 0, 15, 2], "texture": "#7"},
				"south": {"uv": [0, 0, 1, 3], "texture": "#7"},
				"west": {"uv": [0, 0, 15, 2], "texture": "#7"},
				"up": {"uv": [0, 0, 16, 15], "texture": "#7"},
				"down": {"uv": [0, 0, 16, 15], "texture": "#7"}
			}
		},
		{
			"from": [12.5, 27.5, 0.75],
			"to": [13.5, 27.9375, 1],
			"rotation": {"angle": 0, "axis": "y", "origin": [8, 11.2, 8]},
			"faces": {
				"north": {"uv": [0, 0, 1, 0.4375], "texture": "#1"},
				"east": {"uv": [0, 0, 0.25, 0.4375], "texture": "#1"},
				"south": {"uv": [0, 0, 1, 0.4375], "texture": "#1"},
				"west": {"uv": [0, 0, 0.25, 0.4375], "texture": "#1"},
				"up": {"uv": [0, 0, 1, 0.25], "texture": "#1"},
				"down": {"uv": [0, 0, 1, 0.25], "texture": "#1"}
			}
		},
		{
			"from": [12.5, 28, 0.75],
			"to": [13.5, 28.4375, 1],
			"rotation": {"angle": 0, "axis": "y", "origin": [8, 11.2, 8]},
			"faces": {
				"north": {"uv": [0, 0, 1, 0.4375], "texture": "#1"},
				"east": {"uv": [0, 0, 0.25, 0.4375], "texture": "#1"},
				"south": {"uv": [0, 0, 1, 0.4375], "texture": "#1"},
				"west": {"uv": [0, 0, 0.25, 0.4375], "texture": "#1"},
				"up": {"uv": [0, 0, 1, 0.25], "texture": "#1"},
				"down": {"uv": [0, 0, 1, 0.25], "texture": "#1"}
			}
		},
		{
			"from": [12.5, 28.5, 0.75],
			"to": [13.5, 28.9375, 1],
			"rotation": {"angle": 0, "axis": "y", "origin": [8, 11.2, 8]},
			"faces": {
				"north": {"uv": [0, 0, 1, 0.4375], "texture": "#1"},
				"east": {"uv": [0, 0, 0.25, 0.4375], "texture": "#1"},
				"south": {"uv": [0, 0, 1, 0.4375], "texture": "#1"},
				"west": {"uv": [0, 0, 0.25, 0.4375], "texture": "#1"},
				"up": {"uv": [0, 0, 1, 0.25], "texture": "#1"},
				"down": {"uv": [0, 0, 1, 0.25], "texture": "#1"}
			}
		},
		{
			"from": [12.5, 29, 0.75],
			"to": [13.5, 29.4375, 1],
			"rotation": {"angle": 0, "axis": "y", "origin": [8, 11.2, 8]},
			"faces": {
				"north": {"uv": [0, 0, 1, 0.4375], "texture": "#1"},
				"east": {"uv": [0, 0, 0.25, 0.4375], "texture": "#1"},
				"south": {"uv": [0, 0, 1, 0.4375], "texture": "#1"},
				"west": {"uv": [0, 0, 0.25, 0.4375], "texture": "#1"},
				"up": {"uv": [0, 0, 1, 0.25], "texture": "#1"},
				"down": {"uv": [0, 0, 1, 0.25], "texture": "#1"}
			}
		},
		{
			"from": [12.5, 29.5, 0.75],
			"to": [13.5, 29.9375, 1],
			"rotation": {"angle": 0, "axis": "y", "origin": [8, 11.2, 8]},
			"faces": {
				"north": {"uv": [0, 0, 1, 0.4375], "texture": "#1"},
				"east": {"uv": [0, 0, 0.25, 0.4375], "texture": "#1"},
				"south": {"uv": [0, 0, 1, 0.4375], "texture": "#1"},
				"west": {"uv": [0, 0, 0.25, 0.4375], "texture": "#1"},
				"up": {"uv": [0, 0, 1, 0.25], "texture": "#1"},
				"down": {"uv": [0, 0, 1, 0.25], "texture": "#1"}
			}
		},
		{
			"from": [12.5, 30, 0.75],
			"to": [13.5, 30.4375, 1],
			"rotation": {"angle": 0, "axis": "y", "origin": [8, 11.2, 8]},
			"faces": {
				"north": {"uv": [0, 0, 1, 0.4375], "texture": "#1"},
				"east": {"uv": [0, 0, 0.25, 0.4375], "texture": "#1"},
				"south": {"uv": [0, 0, 1, 0.4375], "texture": "#1"},
				"west": {"uv": [0, 0, 0.25, 0.4375], "texture": "#1"},
				"up": {"uv": [0, 0, 1, 0.25], "texture": "#1"},
				"down": {"uv": [0, 0, 1, 0.25], "texture": "#1"}
			}
		}
	],
	"display": {
		"thirdperson_righthand": {
			"rotation": [68.5, 90, 0],
			"translation": [-0.25, 0, -1],
			"scale": [0.3, 0.3, 0.3]
		},
		"thirdperson_lefthand": {
			"rotation": [68.5, -90, 0],
			"translation": [0.25, 0, -1],
			"scale": [0.3, 0.3, 0.3]
		},
		"firstperson_righthand": {
			"rotation": [0, 90, 0],
			"translation": [0, 0, -1],
			"scale": [0.3, 0.3, 0.3]
		},
		"firstperson_lefthand": {
			"rotation": [0, -90, 0],
			"translation": [0, 0, -1],
			"scale": [0.3, 0.3, 0.3]
		},
		"ground": {
			"translation": [0, 6, 0],
			"scale": [0.3, 0.3, 0.3]
		},
		"gui": {
			"rotation": [0, -180, 0],
			"translation": [0, -2, 0],
			"scale": [0.3, 0.3, 0.3]
		},
		"head": {
			"translation": [0, -12, -1.5],
			"scale": [2.6, 2.6, 2.6]
		},
		"fixed": {
			"translation": [0, -2, 0],
			"scale": [0.3, 0.3, 0.3]
		}
	},
	"groups": [
		{
			"name": "server rack",
			"origin": [8, 11.2, 8],
			"children": [
				{
					"name": "rack",
					"origin": [8, 11.2, 8],
					"children": [0, 1, 2, 3, 4]
				},
				{
					"name": "servers",
					"origin": [8, 11.2, 8],
					"children": [
						{
							"name": "server",
							"origin": [8, 8, 8],
							"children": [5, 6, 7, 8]
						},
						{
							"name": "server",
							"origin": [8, 8, 8],
							"children": [9, 10, 11, 12]
						},
						{
							"name": "server",
							"origin": [8, 8, 8],
							"children": [13, 14, 15, 16]
						},
						{
							"name": "server",
							"origin": [8, 8, 8],
							"children": [17, 18, 19, 20]
						},
						{
							"name": "server",
							"origin": [8, 8, 8],
							"children": [21, 22, 23, 24]
						},
						{
							"name": "server",
							"origin": [8, 8, 8],
							"children": [25, 26, 27, 28]
						},
						{
							"name": "server",
							"origin": [8, 8, 8],
							"children": [29, 30, 31, 32]
						},
						{
							"name": "server",
							"origin": [8, 8, 8],
							"children": [33, 34, 35, 36]
						},
						{
							"name": "server",
							"origin": [8, 8, 8],
							"children": [37, 38, 39, 40]
						},
						{
							"name": "server",
							"origin": [8, 8, 8],
							"children": [41, 42, 43, 44]
						},
						{
							"name": "moderating server",
							"origin": [8, 8, 8],
							"children": [45, 46, 47, 48, 49, 50, 51, 52]
						},
						{
							"name": "moderating server",
							"origin": [8, 8, 8],
							"children": [53, 54, 55, 56, 57, 58, 59, 60]
						}
					]
				}
			]
		}
	]
}