{
    "pools": [
      {
        "rolls": 1,
        "entries": [
          {
            "type": "minecraft:item",
            "name": "minecraft:armor_stand",
            "functions": [
              {
                "function": "minecraft:set_nbt",
                "tag": "{CustomModelData: 2220330}"
              },
              {
                "function": "minecraft:set_nbt",
                "tag": "{ctc: {id: 'mouse', from: 'hexuar:pcraft', traits: {'item': 1b, 'computer/part':1b}}}"
              },
              {
                "function": "minecraft:set_name",
                "name": {
                  "translate": "item.pcraft.mouse",
                  "color": "white",
                  "italic": false
                }
              },
              {
                "function": "minecraft:set_lore",
                "lore": [
                  {
                    "translate": "pack.pcraft",
                    "color": "blue",
                    "italic": false
                  }
                ]
              },
              {
                "function": "minecraft:set_lore",
                "lore": [
                  {
                    "translate": "text.pcraft.mouse"
                  }
                ]
              },
              {
                "function": "minecraft:set_nbt",
                "tag": "{EntityTag:{Silent:1b,Small:1b,Marker:0b,Invisible:1b,Tags:[\"hpc.mouse\",\"hpc.computer\",\"global.ignore\"],Pose:{Head:[358f,0f,0f]},DisabledSlots:4144959,ArmorItems:[{},{},{},{id:\"minecraft:armor_stand\",Count:1b,tag:{CustomModelData:2220330,hpc.mouse_broken:1b}}]}}"
              }
            ]
          }
        ]
      }
    ]
  }
  