{
	"parent": "item/generated",
	"textures": {
		"layer0": "item/armor_stand"
	},
	"overrides": [
		{ "predicate": { "custom_model_data":2220300}, "model": "pcraft/monitor"},
		{ "predicate": { "custom_model_data":2220301}, "model": "pcraft/monitor_error"},
		{ "predicate": { "custom_model_data":2220302}, "model": "pcraft/monitor_on"},
		{ "predicate": { "custom_model_data":2220303}, "model": "pcraft/backgrounds/galaxy"},
		{ "predicate": { "custom_model_data":2220304}, "model": "pcraft/backgrounds/forest"},
		{ "predicate": { "custom_model_data":2220305}, "model": "pcraft/backgrounds/polar"},
		{ "predicate": { "custom_model_data":2220306}, "model": "pcraft/backgrounds/lake"},
		{ "predicate": { "custom_model_data":2220307}, "model": "pcraft/backgrounds/smoke"},
		{ "predicate": { "custom_model_data":2220308}, "model": "pcraft/backgrounds/mountains"},
		{ "predicate": { "custom_model_data":2220309}, "model": "pcraft/server_rack"},

		{ "predicate": { "custom_model_data":2220310}, "model": "pcraft/pc/off"},
		{ "predicate": { "custom_model_data":2220311}, "model": "pcraft/pc/rgb"},
		{ "predicate": { "custom_model_data":2220312}, "model": "pcraft/pc/cyan-magenta"},
		{ "predicate": { "custom_model_data":2220313}, "model": "pcraft/pc/red-blue"},
		{ "predicate": { "custom_model_data":2220314}, "model": "pcraft/pc/yellow-magenta"},
		{ "predicate": { "custom_model_data":2220315}, "model": "pcraft/pc/white"},
		{ "predicate": { "custom_model_data":2220316}, "model": "pcraft/pc/red"},
		{ "predicate": { "custom_model_data":2220317}, "model": "pcraft/pc/blue"},
		{ "predicate": { "custom_model_data":2220318}, "model": "pcraft/pc/green"},

		{ "predicate": { "custom_model_data":2220320}, "model": "pcraft/keyboard/off"},
		{ "predicate": { "custom_model_data":2220321}, "model": "pcraft/keyboard/rgb"},
		{ "predicate": { "custom_model_data":2220322}, "model": "pcraft/keyboard/cyan-magenta"},
		{ "predicate": { "custom_model_data":2220323}, "model": "pcraft/keyboard/red-blue"},
		{ "predicate": { "custom_model_data":2220324}, "model": "pcraft/keyboard/yellow-magenta"},
		{ "predicate": { "custom_model_data":2220325}, "model": "pcraft/keyboard/white"},
		{ "predicate": { "custom_model_data":2220326}, "model": "pcraft/keyboard/red"},
		{ "predicate": { "custom_model_data":2220327}, "model": "pcraft/keyboard/blue"},
		{ "predicate": { "custom_model_data":2220328}, "model": "pcraft/keyboard/green"},

		{ "predicate": { "custom_model_data":2220330}, "model": "pcraft/mouse/off"},
		{ "predicate": { "custom_model_data":2220331}, "model": "pcraft/mouse/rgb"},
		{ "predicate": { "custom_model_data":2220332}, "model": "pcraft/mouse/cyan-magenta"},
		{ "predicate": { "custom_model_data":2220333}, "model": "pcraft/mouse/red-blue"},
		{ "predicate": { "custom_model_data":2220334}, "model": "pcraft/mouse/yellow-magenta"},
		{ "predicate": { "custom_model_data":2220335}, "model": "pcraft/mouse/white"},
		{ "predicate": { "custom_model_data":2220336}, "model": "pcraft/mouse/red"},
		{ "predicate": { "custom_model_data":2220337}, "model": "pcraft/mouse/blue"},
		{ "predicate": { "custom_model_data":2220338}, "model": "pcraft/mouse/green"},


		{ "predicate": { "custom_model_data":2220339}, "model": "pcraft/printer"}
	]
}