{
	"credit": "Made with Blockbench",
	"textures": {
		"0": "pcraft:custom/black_concrete",
		"3": "pcraft:custom/dark_iron_block",
		"4": "pcraft:custom/mountains",
		"particle": "pcraft:custom/black_concrete"
	},
	"elements": [
		{
			"from": [2.25, 4.25, 6.75],
			"to": [13.75, 10.75, 8],
			"faces": {
				"north": {"uv": [0, 0, 10.22, 5.651], "texture": "#4"},
				"east": {"uv": [0, 0, 1.25, 6.5], "texture": "#0"},
				"south": {"uv": [0, 0, 11.5, 6.5], "texture": "#0"},
				"west": {"uv": [0, 0, 1.25, 6.5], "texture": "#0"},
				"up": {"uv": [0, 0, 11.5, 1.25], "texture": "#0"},
				"down": {"uv": [0, 0, 11.5, 1.25], "texture": "#0"}
			}
		},
		{
			"from": [2, 4, 6.5],
			"to": [2.25, 11, 8],
			"faces": {
				"north": {"uv": [0, 0, 0.25, 7], "texture": "#0"},
				"east": {"uv": [0, 0, 1.5, 7], "texture": "#0"},
				"south": {"uv": [0, 0, 0.25, 7], "texture": "#0"},
				"west": {"uv": [0, 0, 1.5, 7], "texture": "#0"},
				"up": {"uv": [0, 0, 0.25, 1.5], "texture": "#0"},
				"down": {"uv": [0, 0, 0.25, 1.5], "texture": "#0"}
			}
		},
		{
			"from": [2.25, 10.75, 6.5],
			"to": [13.75, 11, 8],
			"faces": {
				"north": {"uv": [0, 0, 11.5, 0.25], "texture": "#0"},
				"east": {"uv": [0, 0, 1.5, 0.25], "texture": "#0"},
				"south": {"uv": [0, 0, 11.5, 0.25], "texture": "#0"},
				"west": {"uv": [0, 0, 1.5, 0.25], "texture": "#0"},
				"up": {"uv": [0, 0, 11.5, 1.5], "texture": "#0"},
				"down": {"uv": [0, 0, 11.5, 1.5], "texture": "#0"}
			}
		},
		{
			"from": [13.75, 4, 6.5],
			"to": [14, 11, 8],
			"faces": {
				"north": {"uv": [0, 0, 0.25, 7], "texture": "#0"},
				"east": {"uv": [0, 0, 1.5, 7], "texture": "#0"},
				"south": {"uv": [0, 0, 0.25, 7], "texture": "#0"},
				"west": {"uv": [0, 0, 1.5, 7], "texture": "#0"},
				"up": {"uv": [0, 0, 0.25, 1.5], "texture": "#0"},
				"down": {"uv": [0, 0, 0.25, 1.5], "texture": "#0"}
			}
		},
		{
			"from": [2.25, 4, 6.5],
			"to": [13.75, 4.25, 8],
			"faces": {
				"north": {"uv": [0, 0, 11.5, 0.25], "texture": "#0"},
				"east": {"uv": [0, 0, 1.5, 0.25], "texture": "#0"},
				"south": {"uv": [0, 0, 11.5, 0.25], "texture": "#0"},
				"west": {"uv": [0, 0, 1.5, 0.25], "texture": "#0"},
				"up": {"uv": [0, 0, 11.5, 1.5], "texture": "#0"},
				"down": {"uv": [0, 0, 11.5, 1.5], "texture": "#0"}
			}
		},
		{
			"from": [6, 0, 6.5],
			"to": [10, 1, 9.5],
			"faces": {
				"north": {"uv": [0, 0, 4, 1], "texture": "#0"},
				"east": {"uv": [0, 0, 3, 1], "texture": "#0"},
				"south": {"uv": [0, 0, 4, 1], "texture": "#0"},
				"west": {"uv": [0, 0, 3, 1], "texture": "#0"},
				"up": {"uv": [0, 0, 4, 3], "texture": "#0"},
				"down": {"uv": [0, 0, 4, 3], "texture": "#0"}
			}
		},
		{
			"from": [7, 1, 7.5],
			"to": [9, 6, 8.5],
			"faces": {
				"north": {"uv": [0, 0, 2, 5], "texture": "#3"},
				"east": {"uv": [0, 0, 1, 5], "texture": "#3"},
				"south": {"uv": [0, 0, 2, 5], "texture": "#3"},
				"west": {"uv": [0, 0, 1, 5], "texture": "#3"},
				"up": {"uv": [0, 0, 2, 1], "texture": "#3"},
				"down": {"uv": [0, 0, 2, 1], "texture": "#3"}
			}
		}
	],
	"display": {
		"ground": {
			"translation": [0, 6, 0]
		},
		"gui": {
			"rotation": [0, -180, 0],
			"translation": [0, 2, 0]
		},
		"head": {
			"translation": [0, -17, 5.25],
			"scale": [2, 2, 2]
		},
		"fixed": {
			"translation": [0, 2, 0]
		}
	},
	"groups": [
		{
			"name": "Monitor",
			"origin": [8, 8, 8],
			"children": [0,
				{
					"name": "group",
					"origin": [8, 8, 8],
					"children": [1, 2, 3, 4, 5]
				}, 6]
		}
	]
}