{
	"credit": "Made with Blockbench",
	"textures": {
		"0": "custom/black_concrete",
		"1": "custom/coal_block",
		"6": "custom/blue",
		"particle": "custom/black_concrete"
	},
	"elements": [
		{
			"from": [7, 0.125, 7],
			"to": [9, 0.8125, 10],
			"faces": {
				"north": {"uv": [0, 0, 2, 1], "texture": "#0"},
				"east": {"uv": [0, 0, 3, 1], "texture": "#0"},
				"south": {"uv": [0, 0, 2, 1], "texture": "#0"},
				"west": {"uv": [0, 0, 3, 1], "texture": "#0"},
				"up": {"uv": [0, 0, 2, 3], "texture": "#0"},
				"down": {"uv": [0, 0, 2, 3], "texture": "#0"}
			}
		},
		{
			"from": [7.0625, 0, 7.0625],
			"to": [8.9375, 0.1875, 9.9375],
			"faces": {
				"north": {"uv": [0, 0, 2, 1], "texture": "#6"},
				"east": {"uv": [0, 0, 3, 1], "texture": "#6"},
				"south": {"uv": [0, 0, 2, 1], "texture": "#6"},
				"west": {"uv": [0, 0, 3, 1], "texture": "#6"},
				"up": {"uv": [0, 0, 2, 3], "texture": "#6"},
				"down": {"uv": [0, 0, 2, 3], "texture": "#6"}
			}
		},
		{
			"from": [8.0625, 0.8125, 8.75],
			"to": [8.875, 0.875, 9.9375],
			"faces": {
				"north": {"uv": [0, 0, 0.8125, 0.0625], "texture": "#1"},
				"east": {"uv": [0, 0, 1.1875, 0.0625], "texture": "#1"},
				"south": {"uv": [0, 0, 0.8125, 0.0625], "texture": "#1"},
				"west": {"uv": [0, 0, 1.1875, 0.0625], "texture": "#1"},
				"up": {"uv": [6, 3, 7, 4], "texture": "#1"},
				"down": {"uv": [0, 0, 0.8125, 1.1875], "texture": "#1"}
			}
		},
		{
			"from": [7.0625, 0.8125, 8.75],
			"to": [7.9375, 0.875, 9.9375],
			"faces": {
				"north": {"uv": [0.9375, 0, 1.8125, 0.0625], "texture": "#1"},
				"east": {"uv": [1.25, 0, 2.4375, 0.0625], "texture": "#1"},
				"south": {"uv": [0.9375, 0, 1.8125, 0.0625], "texture": "#1"},
				"west": {"uv": [1.25, 0, 2.4375, 0.0625], "texture": "#1"},
				"up": {"uv": [6, 3, 7, 4], "texture": "#1"},
				"down": {"uv": [0.9375, 0, 1.8125, 1.1875], "texture": "#1"}
			}
		}
	],
	"display": {
		"thirdperson_righthand": {
			"rotation": [0, -180, 0],
			"translation": [0, 7.75, 2.25]
		},
		"thirdperson_lefthand": {
			"rotation": [0, -180, 0],
			"translation": [0, 7.75, 2.25]
		},
		"firstperson_righthand": {
			"rotation": [0, -180, 0],
			"translation": [0, 8, 0]
		},
		"firstperson_lefthand": {
			"rotation": [0, -180, 0],
			"translation": [0, 8, 0]
		},
		"ground": {
			"translation": [0, 6, 0]
		},
		"gui": {
			"rotation": [90, -180, 0]
		},
		"head": {
			"translation": [-13, -17, -5.75],
			"scale": [2, 2, 2]
		},
		"fixed": {
			"rotation": [-90, 0, 0],
			"translation": [0, 0, -8]
		}
	},
	"groups": [
		{
			"name": "Mouse",
			"origin": [8, 8, 8],
			"color": 0,
			"children": [0, 1, 2, 3]
		}
	]
}