{
    "pools": [
        {
            "rolls": 1,
            "entries": [
                {
                    "type": "minecraft:item",
                    "name": "minecraft:warped_fungus_on_a_stick",
                    "functions": [
                        {
                            "function": "minecraft:set_nbt",
                            "tag": "{CustomModelData: 2220301}"
                        },
                        {
                            "function": "minecraft:set_nbt",
                            "tag": "{ctc: {id: 'computer_wrench', from: 'hexuar:pcraft', traits: {'item': 1b,'tool': 1b}}}"
                        },
                        {
                          "function": "minecraft:set_name",
                          "name": {
                            "translate": "item.pcraft.computer_wrench",
                            "italic": false,
                            "color": "gold"
                          }
                        },
                        {
                          "function": "minecraft:set_lore",
                          "lore": [
                            {
                              "translate": "pack.pcraft",
                              "color": "blue",
                              "italic": false
                            }
                          ]
                        }
                    ]
                }
            ]
        }
    ]
}