{
  "pools": [
    {
      "rolls": 1,
      "entries": [
        {
          "type": "minecraft:item",
          "name": "minecraft:armor_stand",
          "functions": [
            {
              "function": "minecraft:set_nbt",
              "tag": "{CustomModelData: 2220309}"
            },
            {
              "function": "minecraft:set_nbt",
              "tag": "{ctc: {id: 'server_rack', from: 'hexuar:pcraft', traits: {'item': 1b}}}"
            },
            {
              "function": "minecraft:set_name",
              "name": {
                "translate": "item.pcraft.server_rack",
                "color": "white",
                "italic": false
              }
            },
            {
              "function": "minecraft:set_lore",
              "lore": [
                {
                  "translate": "pack.pcraft",
                  "color": "blue",
                  "italic": false
                }
              ]
            },
            {
              "function": "minecraft:set_nbt",
              "tag": "{EntityTag:{Marker:1b,Small:1b,Invisible:1b,Tags:[\"hpc.server_rack\",\"global.ignore\"],DisabledSlots:4144959}}"
            }
          ]
        }
      ]
    }
  ]
}
