{
	"credit": "Made with Blockbench",
	"textures": {
		"0": "pcraft:custom/black_concrete",
		"1": "pcraft:custom/coal_block",
		"2": "pcraft:custom/glass",
		"3": "pcraft:custom/dark_iron_block",
		"4": "pcraft:custom/redstone_block",
		"6": "pcraft:custom/white",
		"particle": "pcraft:custom/black_concrete"
	},
	"elements": [
		{
			"from": [5.5, 2, 2],
			"to": [9.5, 3, 5],
			"rotation": {"angle": 0, "axis": "y", "origin": [8, 11.2, 8]},
			"faces": {
				"north": {"uv": [0, 0, 4, 1], "texture": "#3"},
				"east": {"uv": [0, 0, 3, 1], "texture": "#3"},
				"south": {"uv": [0, 0, 4, 1], "texture": "#3"},
				"west": {"uv": [0, 0, 3, 1], "texture": "#3"},
				"up": {"uv": [0, 0, 4, 3], "texture": "#3"},
				"down": {"uv": [0, 0, 4, 3], "texture": "#3"}
			}
		},
		{
			"from": [5.5, 1, 9],
			"to": [10.5, 3, 14],
			"rotation": {"angle": 0, "axis": "y", "origin": [8, 11.2, 8]},
			"faces": {
				"north": {"uv": [0, 0, 5, 2], "texture": "#3"},
				"east": {"uv": [0, 0, 5, 2], "texture": "#3"},
				"south": {"uv": [0, 0, 5, 2], "texture": "#3"},
				"west": {"uv": [0, 0, 5, 2], "texture": "#3"},
				"up": {"uv": [0, 0, 5, 5], "texture": "#3"},
				"down": {"uv": [0, 0, 5, 5], "texture": "#3"}
			}
		},
		{
			"from": [5.5, 3.5, 2],
			"to": [9.5, 4.5, 5],
			"rotation": {"angle": 0, "axis": "y", "origin": [8, 11.2, 8]},
			"faces": {
				"north": {"uv": [0, 0, 4, 1], "texture": "#3"},
				"east": {"uv": [0, 0, 3, 1], "texture": "#3"},
				"south": {"uv": [0, 0, 4, 1], "texture": "#3"},
				"west": {"uv": [0, 0, 3, 1], "texture": "#3"},
				"up": {"uv": [0, 0, 4, 3], "texture": "#3"},
				"down": {"uv": [0, 0, 4, 3], "texture": "#3"}
			}
		},
		{
			"from": [5.5, 5, 2],
			"to": [9.5, 6, 5],
			"rotation": {"angle": 0, "axis": "y", "origin": [8, 11.2, 8]},
			"faces": {
				"north": {"uv": [0, 0, 4, 1], "texture": "#3"},
				"east": {"uv": [0, 0, 3, 1], "texture": "#3"},
				"south": {"uv": [0, 0, 4, 1], "texture": "#3"},
				"west": {"uv": [0, 0, 3, 1], "texture": "#3"},
				"up": {"uv": [0, 0, 4, 3], "texture": "#3"},
				"down": {"uv": [0, 0, 4, 3], "texture": "#3"}
			}
		},
		{
			"from": [5.5, 5.5, 7.5],
			"to": [9.5, 10.5, 8.5],
			"rotation": {"angle": 0, "axis": "y", "origin": [8, 11.2, 8]},
			"faces": {
				"north": {"uv": [0, 0, 6, 1], "texture": "#3"},
				"east": {"uv": [0, 0, 14, 1], "texture": "#3"},
				"south": {"uv": [0, 0, 6, 1], "texture": "#3"},
				"west": {"uv": [0, 0, 14, 1], "texture": "#3"},
				"up": {"uv": [0, 0, 6, 12], "texture": "#3"},
				"down": {"uv": [0, 0, 6, 14], "texture": "#3"}
			}
		},
		{
			"from": [6.5, 6, 3],
			"to": [8.5, 6.5, 7.5],
			"rotation": {"angle": 0, "axis": "y", "origin": [8, 11.2, 8]},
			"faces": {
				"north": {"uv": [0, 0, 6, 1], "texture": "#1"},
				"east": {"uv": [0, 0, 14, 1], "texture": "#1"},
				"south": {"uv": [0, 0, 6, 1], "texture": "#1"},
				"west": {"uv": [0, 0, 14, 1], "texture": "#1"},
				"up": {"uv": [0, 0, 6, 12], "texture": "#1"},
				"down": {"uv": [0, 0, 6, 14], "texture": "#1"}
			}
		},
		{
			"from": [6.5, 1, 5.5],
			"to": [8.5, 1.5, 11],
			"rotation": {"angle": 0, "axis": "y", "origin": [8, 11.2, 8]},
			"faces": {
				"north": {"uv": [0, 0, 6, 1], "texture": "#1"},
				"east": {"uv": [0, 0, 14, 1], "texture": "#1"},
				"south": {"uv": [0, 0, 6, 1], "texture": "#1"},
				"west": {"uv": [0, 0, 14, 1], "texture": "#1"},
				"up": {"uv": [0, 0, 6, 12], "texture": "#1"},
				"down": {"uv": [0, 0, 6, 14], "texture": "#1"}
			}
		},
		{
			"from": [6.5, 0.5, 5],
			"to": [8.5, 6, 5.5],
			"rotation": {"angle": 0, "axis": "x", "origin": [4, 6.25, 5.75]},
			"faces": {
				"north": {"uv": [0, 0, 6, 14], "rotation": 180, "texture": "#1"},
				"east": {"uv": [0, 0, 14, 1], "rotation": 270, "texture": "#1"},
				"south": {"uv": [0, 0, 6, 12], "texture": "#1"},
				"west": {"uv": [0, 0, 14, 1], "rotation": 90, "texture": "#1"},
				"up": {"uv": [0, 0, 6, 1], "rotation": 180, "texture": "#1"},
				"down": {"uv": [0, 0, 6, 1], "texture": "#1"}
			}
		},
		{
			"from": [5.5, 6.5, 8.5],
			"to": [8.5, 9.25, 10.5],
			"rotation": {"angle": 0, "axis": "y", "origin": [8, 11.2, 8]},
			"faces": {
				"north": {"uv": [0, 0, 3, 2.75], "texture": "#4"},
				"east": {"uv": [7, 6, 9, 8.75], "texture": "#4"},
				"south": {"uv": [0, 0, 3, 2.75], "texture": "#4"},
				"west": {"uv": [0, 0, 2, 2.75], "texture": "#4"},
				"up": {"uv": [7, 6, 10, 8], "texture": "#4"},
				"down": {"uv": [0, 0, 3, 2], "texture": "#4"}
			}
		},
		{
			"from": [5.5, 5.5, 9],
			"to": [9.5, 10.5, 10],
			"rotation": {"angle": 0, "axis": "y", "origin": [8, 11.2, 8]},
			"faces": {
				"north": {"uv": [0, 0, 6, 1], "texture": "#3"},
				"east": {"uv": [0, 0, 14, 1], "texture": "#3"},
				"south": {"uv": [0, 0, 6, 1], "texture": "#3"},
				"west": {"uv": [0, 0, 14, 1], "texture": "#3"},
				"up": {"uv": [0, 0, 6, 12], "texture": "#3"},
				"down": {"uv": [0, 0, 6, 14], "texture": "#3"}
			}
		},
		{
			"from": [5.5, 5.5, 10.5],
			"to": [9.5, 10.5, 11.5],
			"rotation": {"angle": 0, "axis": "y", "origin": [8, 11.2, 8]},
			"faces": {
				"north": {"uv": [0, 0, 6, 1], "texture": "#3"},
				"east": {"uv": [0, 0, 14, 1], "texture": "#3"},
				"south": {"uv": [0, 0, 6, 1], "texture": "#3"},
				"west": {"uv": [0, 0, 14, 1], "texture": "#3"},
				"up": {"uv": [0, 0, 6, 12], "texture": "#3"},
				"down": {"uv": [0, 0, 6, 14], "texture": "#3"}
			}
		},
		{
			"from": [10.5, 1, 2],
			"to": [11.5, 10, 14],
			"rotation": {"angle": 0, "axis": "y", "origin": [8, 11.2, 8]},
			"faces": {
				"north": {"uv": [0, 0, 1, 11], "texture": "#2"},
				"east": {"uv": [0, 0, 16, 16], "texture": "#2"},
				"south": {"uv": [0, 0, 1, 11], "texture": "#2"},
				"west": {"uv": [0, 0, 16, 16], "texture": "#2"},
				"up": {"uv": [0, 0, 1, 14], "texture": "#2"},
				"down": {"uv": [0, 0, 1, 14], "texture": "#2"}
			}
		},
		{
			"from": [5.5, 10, 1],
			"to": [11.5, 11, 15],
			"rotation": {"angle": 0, "axis": "y", "origin": [8, 11.2, 8]},
			"faces": {
				"north": {"uv": [0, 0, 6, 1], "texture": "#0"},
				"east": {"uv": [0, 0, 14, 1], "texture": "#0"},
				"south": {"uv": [0, 0, 6, 1], "texture": "#0"},
				"west": {"uv": [0, 0, 14, 1], "texture": "#0"},
				"up": {"uv": [0, 0, 6, 12], "texture": "#0"},
				"down": {"uv": [0, 0, 6, 14], "texture": "#0"}
			}
		},
		{
			"from": [10.5, 1, 1],
			"to": [11.5, 10, 2],
			"rotation": {"angle": 0, "axis": "y", "origin": [8, 11.2, 8]},
			"faces": {
				"north": {"uv": [0, 0, 1, 9], "texture": "#0"},
				"east": {"uv": [0, 0, 1, 9], "texture": "#0"},
				"south": {"uv": [0, 0, 1, 9], "texture": "#0"},
				"west": {"uv": [0, 0, 1, 9], "texture": "#0"},
				"up": {"uv": [0, 0, 1, 14], "texture": "#0"},
				"down": {"uv": [0, 0, 1, 1], "texture": "#0"}
			}
		},
		{
			"from": [4.5, 0, 1],
			"to": [5.5, 11, 15],
			"rotation": {"angle": 0, "axis": "y", "origin": [8, 11.2, 8]},
			"faces": {
				"north": {"uv": [0, 0, 1, 11], "texture": "#0"},
				"east": {"uv": [0, 0, 14, 11], "texture": "#0"},
				"south": {"uv": [0, 0, 1, 11], "texture": "#0"},
				"west": {"uv": [0, 0, 14, 11], "texture": "#0"},
				"up": {"uv": [0, 0, 1, 14], "texture": "#0"},
				"down": {"uv": [0, 0, 1, 14], "texture": "#0"}
			}
		},
		{
			"from": [5.5, 0, 1],
			"to": [11.5, 1, 15],
			"rotation": {"angle": 0, "axis": "y", "origin": [8, 11.2, 8]},
			"faces": {
				"north": {"uv": [0, 0, 6, 1], "texture": "#0"},
				"east": {"uv": [0, 0, 14, 1], "texture": "#0"},
				"south": {"uv": [0, 0, 6, 1], "texture": "#0"},
				"west": {"uv": [0, 0, 14, 1], "texture": "#0"},
				"up": {"uv": [0, 0, 6, 12], "texture": "#0"},
				"down": {"uv": [0, 0, 6, 14], "texture": "#0"}
			}
		},
		{
			"from": [5.5, 1, 14],
			"to": [10.5, 10, 14.75],
			"rotation": {"angle": 0, "axis": "y", "origin": [8, 11.2, 8]},
			"faces": {
				"north": {"uv": [0, 0, 1, 9], "texture": "#0"},
				"east": {"uv": [0, 0, 1, 9], "texture": "#0"},
				"south": {"uv": [0, 0, 5, 9], "texture": "#0"},
				"west": {"uv": [0, 0, 1, 9], "texture": "#0"},
				"up": {"uv": [0, 0, 1, 14], "texture": "#0"},
				"down": {"uv": [0, 0, 1, 1], "texture": "#0"}
			}
		},
		{
			"from": [10.5, 1, 14],
			"to": [11.5, 10, 15],
			"rotation": {"angle": 0, "axis": "y", "origin": [8, 11.2, 8]},
			"faces": {
				"north": {"uv": [0, 0, 1, 9], "texture": "#0"},
				"east": {"uv": [0, 0, 1, 9], "texture": "#0"},
				"south": {"uv": [0, 0, 1, 9], "texture": "#0"},
				"west": {"uv": [0, 0, 1, 9], "texture": "#0"},
				"up": {"uv": [0, 0, 6, 1], "texture": "#0"},
				"down": {"uv": [0, 0, 1, 1], "texture": "#0"}
			}
		},
		{
			"from": [5.5, 1, 1.25],
			"to": [10.5, 10, 2],
			"rotation": {"angle": 0, "axis": "y", "origin": [8, 11.2, 8]},
			"faces": {
				"north": {"uv": [0, 0, 1, 9], "texture": "#0"},
				"east": {"uv": [0, 0, 1, 9], "texture": "#0"},
				"south": {"uv": [0, 0, 1, 9], "texture": "#0"},
				"west": {"uv": [0, 0, 1, 9], "texture": "#0"},
				"up": {"uv": [0, 0, 1, 14], "texture": "#0"},
				"down": {"uv": [0, 0, 1, 1], "texture": "#0"}
			}
		},
		{
			"from": [5.5, 5, 7],
			"to": [10.5, 5.5, 14],
			"rotation": {"angle": 0, "axis": "y", "origin": [8, 11.2, 8]},
			"faces": {
				"north": {"uv": [0, 0, 6, 1], "texture": "#0"},
				"east": {"uv": [0, 0, 14, 1], "texture": "#0"},
				"south": {"uv": [0, 0, 6, 1], "texture": "#0"},
				"west": {"uv": [0, 0, 14, 1], "texture": "#0"},
				"up": {"uv": [0, 0, 6, 12], "texture": "#0"},
				"down": {"uv": [0, 0, 6, 14], "texture": "#0"}
			}
		},
		{
			"from": [6.5, 2, 1],
			"to": [9.5, 5, 1.25],
			"rotation": {"angle": 0, "axis": "y", "origin": [8, 11.2, 8]},
			"faces": {
				"north": {"uv": [0, 0, 3, 3], "texture": "#6"},
				"east": {"uv": [0, 0, 0.25, 3], "texture": "#6"},
				"south": {"uv": [0, 0, 3, 3], "texture": "#6"},
				"west": {"uv": [0, 0, 0.25, 3], "texture": "#6"},
				"up": {"uv": [0, 0, 3, 0.25], "texture": "#6"},
				"down": {"uv": [0, 0, 3, 0.25], "texture": "#6"}
			}
		},
		{
			"from": [10.4375, 1, 14.75],
			"to": [10.5, 10, 15],
			"rotation": {"angle": 0, "axis": "y", "origin": [8, 11.2, 8]},
			"faces": {
				"north": {"uv": [3, 0, 0, 3], "texture": "#6"},
				"east": {"uv": [0.25, 0, 0, 9], "texture": "#6"},
				"south": {"uv": [3, 0, 0, 3], "texture": "#6"},
				"west": {"uv": [0.25, 0, 0, 3], "texture": "#6"},
				"up": {"uv": [0, 0.25, 3, 0], "texture": "#6"},
				"down": {"uv": [0, 0.25, 3, 0], "texture": "#6"}
			}
		},
		{
			"from": [10.4375, 1, 1],
			"to": [10.5, 10, 1.25],
			"rotation": {"angle": 0, "axis": "y", "origin": [8, 11.2, 8]},
			"faces": {
				"north": {"uv": [0, 0, 3, 3], "texture": "#6"},
				"east": {"uv": [0, 0, 0.25, 9], "texture": "#6"},
				"south": {"uv": [0, 0, 3, 3], "texture": "#6"},
				"west": {"uv": [0, 0, 0.25, 3], "texture": "#6"},
				"up": {"uv": [0, 0, 3, 0.25], "texture": "#6"},
				"down": {"uv": [0, 0, 3, 0.25], "texture": "#6"}
			}
		},
		{
			"from": [5.5, 1, 14.75],
			"to": [5.5625, 10, 15],
			"rotation": {"angle": 0, "axis": "y", "origin": [8, 11.2, 8]},
			"faces": {
				"north": {"uv": [0, 0, 3, 3], "texture": "#6"},
				"east": {"uv": [0, 0, 0.25, 9], "texture": "#6"},
				"south": {"uv": [0, 0, 3, 3], "texture": "#6"},
				"west": {"uv": [0, 0, 0.25, 3], "texture": "#6"},
				"up": {"uv": [3, 0.25, 0, 0], "texture": "#6"},
				"down": {"uv": [3, 0.25, 0, 0], "texture": "#6"}
			}
		},
		{
			"from": [5.5, 1, 1],
			"to": [5.5625, 10, 1.25],
			"rotation": {"angle": 0, "axis": "y", "origin": [8, 11.2, 8]},
			"faces": {
				"north": {"uv": [3, 0, 0, 3], "texture": "#6"},
				"east": {"uv": [0.25, 0, 0, 9], "texture": "#6"},
				"south": {"uv": [3, 0, 0, 3], "texture": "#6"},
				"west": {"uv": [0.25, 0, 0, 3], "texture": "#6"},
				"up": {"uv": [3, 0, 0, 0.25], "texture": "#6"},
				"down": {"uv": [3, 0, 0, 0.25], "texture": "#6"}
			}
		},
		{
			"from": [5.5, 9.9375, 14.75],
			"to": [10.5, 10, 15],
			"rotation": {"angle": 0, "axis": "y", "origin": [8, 11.2, 8]},
			"faces": {
				"north": {"uv": [3, 3, 0, 0], "rotation": 270, "texture": "#6"},
				"east": {"uv": [0, 0.25, 0, 0], "rotation": 270, "texture": "#6"},
				"south": {"uv": [3, 3, 0, 0], "rotation": 90, "texture": "#6"},
				"west": {"uv": [3, 0.25, 0, 0], "rotation": 270, "texture": "#6"},
				"up": {"uv": [0, 0, 0.25, 3], "rotation": 270, "texture": "#6"},
				"down": {"uv": [0, 0, 0.25, 3], "rotation": 270, "texture": "#6"}
			}
		},
		{
			"from": [5.5, 9.9375, 1],
			"to": [10.5, 10, 1.25],
			"rotation": {"angle": 0, "axis": "y", "origin": [8, 11.2, 8]},
			"faces": {
				"north": {"uv": [3, 0, 0, 3], "rotation": 90, "texture": "#6"},
				"east": {"uv": [0, 0, 0, 0.25], "rotation": 270, "texture": "#6"},
				"south": {"uv": [3, 0, 0, 3], "rotation": 270, "texture": "#6"},
				"west": {"uv": [3, 0, 0, 0.25], "rotation": 270, "texture": "#6"},
				"up": {"uv": [0.25, 0, 0, 3], "rotation": 270, "texture": "#6"},
				"down": {"uv": [0.25, 0, 0, 3], "rotation": 270, "texture": "#6"}
			}
		},
		{
			"from": [5.5, 1, 2],
			"to": [10.5, 1.0625, 2.25],
			"rotation": {"angle": 0, "axis": "y", "origin": [8, 4.8, 8]},
			"faces": {
				"north": {"uv": [0, 0, 3, 3], "rotation": 90, "texture": "#6"},
				"east": {"uv": [0, 0, 0, 0.25], "rotation": 270, "texture": "#6"},
				"south": {"uv": [0, 0, 3, 3], "rotation": 270, "texture": "#6"},
				"west": {"uv": [0, 0, 3, 0.25], "rotation": 270, "texture": "#6"},
				"up": {"uv": [0, 0, 0.25, 3], "rotation": 270, "texture": "#6"},
				"down": {"uv": [0, 0, 0.25, 3], "rotation": 270, "texture": "#6"}
			}
		},
		{
			"from": [5.5, 9.9375, 2],
			"to": [10.5, 10, 2.25],
			"rotation": {"angle": 0, "axis": "y", "origin": [8, 4.8, 8]},
			"faces": {
				"north": {"uv": [0, 0, 3, 3], "rotation": 90, "texture": "#6"},
				"east": {"uv": [0, 0, 0, 0.25], "rotation": 270, "texture": "#6"},
				"south": {"uv": [0, 0, 3, 3], "rotation": 270, "texture": "#6"},
				"west": {"uv": [0, 0, 3, 0.25], "rotation": 270, "texture": "#6"},
				"up": {"uv": [0, 0, 0.25, 3], "rotation": 270, "texture": "#6"},
				"down": {"uv": [0, 0, 0.25, 3], "rotation": 270, "texture": "#6"}
			}
		},
		{
			"from": [10.25, 1, 2.25],
			"to": [10.5, 1.0625, 9],
			"rotation": {"angle": 0, "axis": "y", "origin": [8, 4.8, 8]},
			"faces": {
				"north": {"uv": [0, 0, 3, 0.25], "rotation": 270, "texture": "#6"},
				"east": {"uv": [0, 0, 3, 3], "rotation": 90, "texture": "#6"},
				"south": {"uv": [0, 0, 0, 0.25], "rotation": 270, "texture": "#6"},
				"west": {"uv": [0, 0, 3, 3], "rotation": 270, "texture": "#6"},
				"up": {"uv": [0, 0, 0.25, 3], "texture": "#6"},
				"down": {"uv": [0, 0, 0.25, 3], "rotation": 180, "texture": "#6"}
			}
		},
		{
			"from": [10.25, 9.9375, 2.25],
			"to": [10.5, 10, 14],
			"rotation": {"angle": 0, "axis": "y", "origin": [8, 4.8, 8]},
			"faces": {
				"north": {"uv": [0, 0, 3, 0.25], "rotation": 270, "texture": "#6"},
				"east": {"uv": [0, 0, 3, 3], "rotation": 90, "texture": "#6"},
				"south": {"uv": [0, 0, 0, 0.25], "rotation": 270, "texture": "#6"},
				"west": {"uv": [0, 0, 3, 3], "rotation": 270, "texture": "#6"},
				"up": {"uv": [0, 0, 0.25, 3], "texture": "#6"},
				"down": {"uv": [0, 0, 0.25, 3], "rotation": 180, "texture": "#6"}
			}
		},
		{
			"from": [5.5, 1, 2.25],
			"to": [5.75, 1.0625, 9],
			"rotation": {"angle": 0, "axis": "y", "origin": [8, 4.8, 8]},
			"faces": {
				"north": {"uv": [0, 0, 3, 0.25], "rotation": 270, "texture": "#6"},
				"east": {"uv": [0, 0, 3, 3], "rotation": 90, "texture": "#6"},
				"south": {"uv": [0, 0, 0, 0.25], "rotation": 270, "texture": "#6"},
				"west": {"uv": [0, 0, 3, 3], "rotation": 270, "texture": "#6"},
				"up": {"uv": [0, 0, 0.25, 3], "texture": "#6"},
				"down": {"uv": [0, 0, 0.25, 3], "rotation": 180, "texture": "#6"}
			}
		},
		{
			"from": [5.5, 9.9375, 2.25],
			"to": [5.75, 10, 14],
			"rotation": {"angle": 0, "axis": "y", "origin": [8, 4.8, 8]},
			"faces": {
				"north": {"uv": [0, 0, 3, 0.25], "rotation": 270, "texture": "#6"},
				"east": {"uv": [0, 0, 3, 3], "rotation": 90, "texture": "#6"},
				"south": {"uv": [0, 0, 0, 0.25], "rotation": 270, "texture": "#6"},
				"west": {"uv": [0, 0, 3, 3], "rotation": 270, "texture": "#6"},
				"up": {"uv": [0, 0, 0.25, 3], "texture": "#6"},
				"down": {"uv": [0, 0, 0.25, 3], "rotation": 180, "texture": "#6"}
			}
		},
		{
			"from": [5.5, 1, 14.75],
			"to": [10.5, 1.0625, 15],
			"rotation": {"angle": 0, "axis": "y", "origin": [8, 4.8, 8]},
			"faces": {
				"north": {"uv": [0, 3, 3, 0], "rotation": 270, "texture": "#6"},
				"east": {"uv": [0, 0.25, 0, 0], "rotation": 270, "texture": "#6"},
				"south": {"uv": [0, 3, 3, 0], "rotation": 90, "texture": "#6"},
				"west": {"uv": [0, 0.25, 3, 0], "rotation": 270, "texture": "#6"},
				"up": {"uv": [0.25, 0, 0, 3], "rotation": 270, "texture": "#6"},
				"down": {"uv": [0.25, 0, 0, 3], "rotation": 270, "texture": "#6"}
			}
		},
		{
			"from": [5.5, 1, 1],
			"to": [10.5, 1.0625, 1.25],
			"rotation": {"angle": 0, "axis": "y", "origin": [8, 4.8, 8]},
			"faces": {
				"north": {"uv": [0, 0, 3, 3], "rotation": 90, "texture": "#6"},
				"east": {"uv": [0, 0, 0, 0.25], "rotation": 270, "texture": "#6"},
				"south": {"uv": [0, 0, 3, 3], "rotation": 270, "texture": "#6"},
				"west": {"uv": [0, 0, 3, 0.25], "rotation": 270, "texture": "#6"},
				"up": {"uv": [0, 0, 0.25, 3], "rotation": 270, "texture": "#6"},
				"down": {"uv": [0, 0, 0.25, 3], "rotation": 270, "texture": "#6"}
			}
		},
		{
			"from": [5.5, 9.75, 3.375],
			"to": [10.5, 10, 4.375],
			"rotation": {"angle": 0, "axis": "x", "origin": [4.5, 7.5, 13.875]},
			"faces": {
				"north": {"uv": [0, 0, 5, 0.25], "rotation": 180, "texture": "#6"},
				"east": {"uv": [0, 0, 0.25, 1], "rotation": 90, "texture": "#6"},
				"south": {"uv": [0, 0, 5, 0.25], "texture": "#6"},
				"west": {"uv": [0, 0, 0.25, 1], "rotation": 270, "texture": "#6"},
				"up": {"uv": [0, 0, 5, 1], "texture": "#6"},
				"down": {"uv": [0, 0, 5, 1], "rotation": 180, "texture": "#6"}
			}
		},
		{
			"from": [5.5, 9.75, 5.375],
			"to": [10.5, 10, 6.375],
			"rotation": {"angle": 0, "axis": "x", "origin": [4.5, 7.5, 13.875]},
			"faces": {
				"north": {"uv": [0, 0, 5, 0.25], "rotation": 180, "texture": "#6"},
				"east": {"uv": [0, 0, 0.25, 1], "rotation": 90, "texture": "#6"},
				"south": {"uv": [0, 0, 5, 0.25], "texture": "#6"},
				"west": {"uv": [0, 0, 0.25, 1], "rotation": 270, "texture": "#6"},
				"up": {"uv": [0, 0, 5, 1], "texture": "#6"},
				"down": {"uv": [0, 0, 5, 1], "rotation": 180, "texture": "#6"}
			}
		},
		{
			"from": [6.5, 6, 13.75],
			"to": [9.5, 9, 14],
			"rotation": {"angle": 0, "axis": "y", "origin": [8, 11.2, 8]},
			"faces": {
				"north": {"uv": [0, 0, 3, 3], "texture": "#6"},
				"east": {"uv": [0, 0, 0.25, 3], "texture": "#6"},
				"south": {"uv": [0, 0, 3, 3], "texture": "#6"},
				"west": {"uv": [0, 0, 0.25, 3], "texture": "#6"},
				"up": {"uv": [0, 0, 3, 0.25], "texture": "#6"},
				"down": {"uv": [0, 0, 3, 0.25], "texture": "#6"}
			}
		},
		{
			"from": [6.5, 6, 1],
			"to": [9.5, 7, 1.25],
			"rotation": {"angle": 0, "axis": "y", "origin": [8, 11.2, 8]},
			"faces": {
				"north": {"uv": [0, 0, 3, 1], "texture": "#1"},
				"east": {"uv": [0, 0, 0.25, 1], "texture": "#1"},
				"south": {"uv": [0, 0, 3, 1], "texture": "#1"},
				"west": {"uv": [0, 0, 0.25, 1], "texture": "#1"},
				"up": {"uv": [0, 0, 3, 0.25], "texture": "#1"},
				"down": {"uv": [0, 0, 3, 0.25], "texture": "#1"}
			}
		},
		{
			"from": [6.5, 8, 1],
			"to": [7.5, 9, 1.25],
			"rotation": {"angle": 0, "axis": "y", "origin": [8, 11.2, 8]},
			"faces": {
				"north": {"uv": [0, 0, 1, 1], "texture": "#1"},
				"east": {"uv": [0, 0, 0.25, 1], "texture": "#1"},
				"south": {"uv": [0, 0, 1, 1], "texture": "#1"},
				"west": {"uv": [0, 0, 0.25, 1], "texture": "#1"},
				"up": {"uv": [0, 0, 1, 0.25], "texture": "#1"},
				"down": {"uv": [0, 0, 1, 0.25], "texture": "#1"}
			}
		},
		{
			"from": [8.5, 8, 1],
			"to": [9.5, 8.5, 1.25],
			"rotation": {"angle": 0, "axis": "y", "origin": [8, 11.2, 8]},
			"faces": {
				"north": {"uv": [0, 0, 1, 0.5], "texture": "#1"},
				"east": {"uv": [0, 0, 0.25, 0.5], "texture": "#1"},
				"south": {"uv": [0, 0, 1, 0.5], "texture": "#1"},
				"west": {"uv": [0, 0, 0.25, 0.5], "texture": "#1"},
				"up": {"uv": [0, 0, 1, 0.25], "texture": "#1"},
				"down": {"uv": [0, 0, 1, 0.25], "texture": "#1"}
			}
		}
	],
	"display": {
		"thirdperson_righthand": {
			"rotation": [68.5, 90, 0],
			"translation": [-6, 0, -1]
		},
		"thirdperson_lefthand": {
			"rotation": [68.5, -90, 0],
			"translation": [-6, 0, -1]
		},
		"firstperson_righthand": {
			"rotation": [0, 90, 0],
			"translation": [-6, 0, -1]
		},
		"firstperson_lefthand": {
			"rotation": [0, -90, 0],
			"translation": [-6, 0, -1]
		},
		"ground": {
			"translation": [0, 6, 0]
		},
		"gui": {
			"rotation": [0, -90, 0],
			"translation": [0, 2, 0]
		},
		"head": {
			"translation": [0, -17, 0],
			"scale": [2, 2, 2]
		},
		"fixed": {
			"rotation": [0, 90, 0],
			"translation": [0, 2, 0]
		}
	},
	"groups": [
		{
			"name": "PC",
			"origin": [8, 8, 8],
			"color": 0,
			"children": [
				0,
				1,
				2,
				3,
				4,
				5,
				6,
				7,
				8,
				9,
				10,
				11,
				{
					"name": "group",
					"origin": [8, 11.2, 8],
					"color": 0,
					"children": [12, 13, 14, 15, 16, 17, 18, 19]
				},
				{
					"name": "group",
					"origin": [8, 11.2, 8],
					"color": 0,
					"children": [20, 21, 22, 23, 24, 25, 26, 27, 28, 29, 30, 31, 32, 33, 34, 35, 36, 37]
				},
				38,
				39,
				40
			]
		}
	]
}