   {
        "type": "minecraft:crafting_shaped",
        "pattern": [
            "141",
            "131",
            "121"
        ],
        "key": {
            "1": {
                "item": "black_concrete"
            },
            "2": {
                "item": "ender_chest"
            },
            "3": {
                "item": "diamond_block"
            },
            "4": {
                "item": "chorus_fruit"
            }
            },
        "result": {
            "item": "knowledge_book"
        }
    }