{
	"credit": "Made with Blockbench",
	"textures": {
		"5": "custom/iron_block",
		"particle": "custom/repeater_on"
	},
	"elements": [
		{
			"from": [3.22885, 3.85051, 0],
			"to": [5.22885, 3.85051, 6],
			"rotation": {"angle": 0, "axis": "z", "origin": [5.225, 3.85, 3]},
			"faces": {
				"north": {"uv": [0, 0, 2, 0], "texture": "#5"},
				"east": {"uv": [0, 0, 6, 0], "texture": "#5"},
				"south": {"uv": [0, 0, 2, 0], "texture": "#5"},
				"west": {"uv": [0, 0, 6, 0], "texture": "#5"},
				"up": {"uv": [1, 1, 3, 7], "texture": "#5"},
				"down": {"uv": [1, 1, 3, 7], "texture": "#5"}
			}
		},
		{
			"from": [10.77115, 6.14949, 0],
			"to": [12.77115, 6.14949, 6],
			"rotation": {"angle": 45, "axis": "z", "origin": [10.775, 6.15, 3]},
			"faces": {
				"north": {"uv": [0, 0, 2, 0], "texture": "#5"},
				"east": {"uv": [0, 0, 6, 0], "texture": "#5"},
				"south": {"uv": [0, 0, 2, 0], "texture": "#5"},
				"west": {"uv": [0, 0, 6, 0], "texture": "#5"},
				"up": {"uv": [1, 1, 3, 7], "texture": "#5"},
				"down": {"uv": [1, 1, 3, 7], "texture": "#5"}
			}
		},
		{
			"from": [5, 5, 0],
			"to": [11, 5, 6],
			"rotation": {"angle": 22.5, "axis": "z", "origin": [8, 5, 3]},
			"faces": {
				"north": {"uv": [0, 0, 6, 0], "texture": "#5"},
				"east": {"uv": [0, 0, 6, 0], "texture": "#5"},
				"south": {"uv": [0, 0, 6, 0], "texture": "#5"},
				"west": {"uv": [0, 0, 6, 0], "texture": "#5"},
				"up": {"uv": [1, 1, 7, 7], "texture": "#5"},
				"down": {"uv": [1, 1, 7, 7], "texture": "#5"}
			}
		}
	],
	"display": {
		"fixed": {
			"rotation": [-90, 0, 0],
			"translation": [0, 0, -14],
			"scale": [2.0001, 2.0001, 2.0001]
		}
	},
	"groups": [
		{
			"name": "group",
			"origin": [8, 5, 3],
			"color": 0,
			"children": [0, 1, 2]
		}
	]
}